rand1.txt	2.835	10	multiple
rand2.txt	3.954	10	multiple
rand3.txt	7.501	1	unique
rand4.txt	1.178	10	multiple
rand5.txt	5.170	15	multiple
rand6.txt	1.126	15	multiple
rand7.txt	1.900	10	multiple
rand8.txt	13.101	17	multiple
rand9.txt	15.308	17	multiple
rand10.txt	10.576	13	multiple
rand11.txt	1.057	1	unique
rand12.txt	13.541	257	multiple
rand13.txt	0.877	11	multiple
rand14.txt	3.931	18	multiple
rand15.txt	0.803	8	multiple
rand16.txt	0.417	3	multiple
rand17.txt	1.163	4	multiple
rand18.txt	5.912	15	multiple
rand19.txt	1.852	7	multiple
rand20.txt	9.704	5	multiple
rand21.txt	11.618	26	multiple
rand22.txt	2.600	4	multiple
rand23.txt	1.825	17	multiple
rand24.txt	4.107	18	multiple
rand25.txt	7.393	18	multiple
rand26.txt	7.201	19	multiple
rand27.txt	5.836	8	multiple
rand28.txt	1.692	15	multiple
rand29.txt	1.229	10	multiple
rand30.txt	4.440	14	multiple
rand31.txt	2.965	11	multiple
rand32.txt	3.032	9	multiple
rand33.txt	1.295	12	multiple
rand34.txt	19.898	31	multiple
rand35.txt	3.928	9	multiple
rand36.txt	0.421	16	multiple
rand37.txt	6.522	13	multiple
rand38.txt	0.633	8	multiple
rand39.txt	1.263	4	multiple
rand40.txt	4.075	19	multiple
rand41.txt	1.206	6	multiple
rand42.txt	0.964	8	multiple
rand43.txt	0.439	3	multiple
rand44.txt	1.871	12	multiple
rand45.txt	3.130	1	unique
rand46.txt	6.137	69	multiple
rand47.txt	4.393	19	multiple
rand48.txt	1.131	9	multiple
rand49.txt	0.343	4	multiple
rand50.txt	2.887	11	multiple
rand51.txt	2.369	12	multiple
rand52.txt	0.566	8	multiple
rand53.txt	2.971	3	multiple
rand54.txt	0.767	10	multiple
rand55.txt	6.858	11	multiple
rand56.txt	0.699	7	multiple
rand57.txt	1.711	10	multiple
rand58.txt	5.347	4	multiple
rand59.txt	0.526	3	multiple
rand60.txt	1.582	7	multiple
rand61.txt	1.499	19	multiple
rand62.txt	8.933	20	multiple
rand63.txt	1.433	7	multiple
rand64.txt	0.093	0	unique
rand65.txt	3.140	11	multiple
rand66.txt	1.692	13	multiple
rand67.txt	8.989	16	multiple
rand68.txt	9.314	184	multiple
rand69.txt	1.734	12	multiple
rand70.txt	0.594	8	multiple
rand71.txt	0.335	11	multiple
rand72.txt	0.202	3	multiple
rand73.txt	10.485	154	multiple
rand74.txt	0.578	10	multiple
rand75.txt	0.518	12	multiple
rand76.txt	11.828	274	multiple
rand77.txt	3.431	7	multiple
rand78.txt	0.448	1	unique
rand79.txt	1.152	14	multiple
rand80.txt	0.758	7	multiple
rand81.txt	1.528	17	multiple
rand82.txt	1.041	11	multiple
rand83.txt	1.418	11	multiple
rand84.txt	6.141	14	multiple
rand85.txt	0.442	3	multiple
rand86.txt	4.200	9	multiple
rand87.txt	2.982	18	multiple
rand88.txt	3.530	68	multiple
rand89.txt	1.379	10	multiple
rand90.txt	7.053	60	multiple
rand91.txt	2.200	10	multiple
rand92.txt	0.582	10	multiple
rand93.txt	1.201	9	multiple
rand94.txt	0.718	8	multiple
rand95.txt	2.132	7	multiple
rand96.txt	0.567	15	multiple
rand97.txt	3.840	9	multiple
rand98.txt	0.497	10	multiple
rand99.txt	0.367	7	multiple
rand100.txt	0.272	11	multiple
rand101.txt	13.188	166	multiple
rand102.txt	8.867	14	multiple
rand103.txt	1.955	8	multiple
rand104.txt	20.523	643	multiple
rand105.txt	0.698	11	multiple
rand106.txt	0.680	9	multiple
rand107.txt	0.732	15	multiple
rand108.txt	3.324	13	multiple
rand109.txt	0.346	7	multiple
rand110.txt	92.297	1323	multiple
rand111.txt	2.114	14	multiple
rand112.txt	1.047	8	multiple
rand113.txt	0.949	10	multiple
rand114.txt	5.472	26	multiple
rand115.txt	0.415	4	multiple
rand116.txt	1.040	12	multiple
rand117.txt	0.903	9	multiple
rand118.txt	2.187	12	multiple
rand119.txt	1.491	16	multiple
rand120.txt	0.758	5	multiple
rand121.txt	1.367	3	multiple
rand122.txt	1.008	15	multiple
rand123.txt	0.922	11	multiple
rand124.txt	0.697	11	multiple
rand125.txt	4.820	15	multiple
rand126.txt	1.573	11	multiple
rand127.txt	167.278	3593	multiple
rand128.txt	0.397	11	multiple
rand129.txt	1.024	9	multiple
rand130.txt	1.215	5	multiple
rand131.txt	0.900	20	multiple
rand132.txt	2.627	19	multiple
rand133.txt	1.090	9	multiple
rand134.txt	0.634	5	multiple
rand135.txt	0.391	4	multiple
rand136.txt	30.474	262	multiple
rand137.txt	0.580	9	multiple
rand138.txt	0.678	13	multiple
rand139.txt	0.453	11	multiple
rand140.txt	7.264	16	multiple
rand141.txt	0.860	9	multiple
rand142.txt	3.891	13	multiple
rand143.txt	21.877	177	multiple
rand144.txt	1.079	14	multiple
rand145.txt	0.338	11	multiple
rand146.txt	4.892	7	multiple
rand147.txt	0.818	20	multiple
rand148.txt	1.139	10	multiple
rand149.txt	1.611	9	multiple
rand150.txt	4.715	3	multiple
rand151.txt	1.869	21	multiple
rand152.txt	1.435	10	multiple
rand153.txt	17.810	68	multiple
rand154.txt	1.594	6	multiple
rand155.txt	0.811	13	multiple
rand156.txt	2.719	8	multiple
rand157.txt	1.490	15	multiple
rand158.txt	0.562	12	multiple
rand159.txt	1.136	12	multiple
rand160.txt	0.772	9	multiple
rand161.txt	18.794	37	multiple
rand162.txt	1.192	3	multiple
rand163.txt	1.064	9	multiple
rand164.txt	2.140	13	multiple
rand165.txt	2.298	7	multiple
rand166.txt	3.559	8	multiple
rand167.txt	10.751	84	multiple
rand168.txt	1.581	5	multiple
rand169.txt	4.911	14	multiple
rand170.txt	1.129	7	multiple
rand171.txt	3.026	15	multiple
rand172.txt	1.103	7	multiple
rand173.txt	0.486	8	multiple
rand174.txt	1.960	5	multiple
rand175.txt	3.630	11	multiple
rand176.txt	2.186	27	multiple
rand177.txt	1.241	7	multiple
rand178.txt	0.944	9	multiple
rand179.txt	2.714	16	multiple
rand180.txt	1.325	12	multiple
rand181.txt	2.801	8	multiple
rand182.txt	0.847	13	multiple
rand183.txt	0.831	11	multiple
rand184.txt	0.997	10	multiple
rand185.txt	4.311	5	multiple
rand186.txt	6.614	16	multiple
rand187.txt	0.986	9	multiple
rand188.txt	1.175	8	multiple
rand189.txt	1.707	9	multiple
rand190.txt	3.081	13	multiple
rand191.txt	5.677	23	multiple
rand192.txt	0.488	13	multiple
rand193.txt	0.937	10	multiple
rand194.txt	6.656	15	multiple
rand195.txt	1.283	18	multiple
rand196.txt	0.850	8	multiple
rand197.txt	11.969	25	multiple
rand198.txt	1.929	13	multiple
rand199.txt	0.321	3	multiple
rand200.txt	7.312	20	multiple
rand201.txt	1.466	16	multiple
rand202.txt	0.368	4	multiple
rand203.txt	0.284	5	multiple
rand204.txt	4.001	7	multiple
rand205.txt	1.141	11	multiple
rand206.txt	12.781	31	multiple
rand207.txt	1.285	5	multiple
rand208.txt	2.351	6	multiple
rand209.txt	2.179	1	unique
rand210.txt	0.558	9	multiple
rand211.txt	1.345	7	multiple
rand212.txt	4.690	12	multiple
rand213.txt	4.709	18	multiple
rand214.txt	0.908	11	multiple
rand215.txt	0.364	13	multiple
rand216.txt	0.421	7	multiple
rand217.txt	0.440	11	multiple
rand218.txt	4.708	12	multiple
rand219.txt	9.797	48	multiple
rand220.txt	0.545	8	multiple
rand221.txt	1.840	5	multiple
rand222.txt	4.437	18	multiple
rand223.txt	35.915	415	multiple
rand224.txt	0.618	9	multiple
rand225.txt	1.334	13	multiple
rand226.txt	1.223	9	multiple
rand227.txt	0.416	10	multiple
rand228.txt	19.453	139	multiple
rand229.txt	2.742	11	multiple
rand230.txt	6.703	26	multiple
rand231.txt	11.971	638	multiple
rand232.txt	0.726	11	multiple
rand233.txt	1.541	9	multiple
rand234.txt	0.245	8	multiple
rand235.txt	0.945	9	multiple
rand236.txt	0.557	4	multiple
rand237.txt	12.694	35	multiple
rand238.txt	2.024	12	multiple
rand239.txt	2.399	18	multiple
rand240.txt	1.646	9	multiple
rand241.txt	2.404	12	multiple
rand242.txt	7.828	18	multiple
rand243.txt	1.593	10	multiple
rand244.txt	0.455	4	multiple
rand245.txt	1.667	20	multiple
rand246.txt	0.940	15	multiple
rand247.txt	0.350	10	multiple
rand248.txt	3.764	10	multiple
rand249.txt	1.542	11	multiple
rand250.txt	5.936	20	multiple
rand251.txt	1.164	8	multiple
rand252.txt	0.828	11	multiple
rand253.txt	3.111	3	multiple
rand254.txt	1.136	11	multiple
rand255.txt	3.656	11	multiple
rand256.txt	10.206	17	multiple
rand257.txt	3.498	5	multiple
rand258.txt	6.380	66	multiple
rand259.txt	1.394	16	multiple
rand260.txt	1.014	4	multiple
rand261.txt	0.465	8	multiple
rand262.txt	0.594	4	multiple
rand263.txt	8.573	20	multiple
rand264.txt	4.571	14	multiple
rand265.txt	1.099	5	multiple
rand266.txt	1.718	11	multiple
rand267.txt	0.515	12	multiple
rand268.txt	0.487	5	multiple
rand269.txt	2.500	12	multiple
rand270.txt	2.316	1	unique
rand271.txt	2.198	3	multiple
rand272.txt	5.383	11	multiple
rand273.txt	4.563	13	multiple
rand274.txt	1.024	4	multiple
rand275.txt	0.762	9	multiple
rand276.txt	2.301	3	multiple
rand277.txt	0.781	13	multiple
rand278.txt	6.502	14	multiple
rand279.txt	0.413	7	multiple
rand280.txt	3.482	14	multiple
rand281.txt	1.198	11	multiple
rand282.txt	18.171	93	multiple
rand283.txt	2.634	10	multiple
rand284.txt	2.312	10	multiple
rand285.txt	1.584	10	multiple
rand286.txt	0.962	7	multiple
rand287.txt	0.384	7	multiple
rand288.txt	0.553	8	multiple
rand289.txt	2.098	11	multiple
rand290.txt	1.974	15	multiple
rand291.txt	1.256	3	multiple
rand292.txt	1.803	3	multiple
rand293.txt	2.081	14	multiple
rand294.txt	2.226	12	multiple
rand295.txt	7.244	10	multiple
rand296.txt	1.083	18	multiple
rand297.txt	1.483	13	multiple
rand298.txt	4.594	18	multiple
rand299.txt	9.309	98	multiple
rand300.txt	6.772	18	multiple
rand301.txt	1.206	11	multiple
rand302.txt	0.386	13	multiple
rand303.txt	41.479	2034	multiple
rand304.txt	0.985	11	multiple
rand305.txt	1.302	7	multiple
rand306.txt	0.991	8	multiple
rand307.txt	1.109	1	unique
rand308.txt	2.653	14	multiple
rand309.txt	7.513	95	multiple
rand310.txt	5.328	14	multiple
rand311.txt	6.042	16	multiple
rand312.txt	0.378	3	multiple
rand313.txt	1.194	14	multiple
rand314.txt	0.449	3	multiple
rand315.txt	0.268	3	multiple
rand316.txt	0.558	8	multiple
rand317.txt	4.588	7	multiple
rand318.txt	14.617	239	multiple
rand319.txt	0.298	14	multiple
rand320.txt	3.612	16	multiple
rand321.txt	1.216	8	multiple
rand322.txt	0.363	1	unique
rand323.txt	11.276	369	multiple
rand324.txt	0.975	10	multiple
rand325.txt	0.353	8	multiple
rand326.txt	0.861	13	multiple
rand327.txt	4.821	9	multiple
rand328.txt	0.675	3	multiple
rand329.txt	11.398	220	multiple
rand330.txt	1.935	7	multiple
rand331.txt	11.629	385	multiple
rand332.txt	4.178	14	multiple
rand333.txt	3.922	16	multiple
rand334.txt	2.963	9	multiple
rand335.txt	3.445	8	multiple
rand336.txt	16.265	31	multiple
rand337.txt	0.596	12	multiple
rand338.txt	0.273	4	multiple
rand339.txt	7.006	120	multiple
rand340.txt	0.480	12	multiple
rand341.txt	4.592	19	multiple
rand342.txt	1.117	18	multiple
rand343.txt	0.090	0	unique
rand344.txt	1.176	9	multiple
rand345.txt	0.330	9	multiple
rand346.txt	0.483	8	multiple
rand347.txt	2.351	48	multiple
rand348.txt	14.275	58	multiple
rand349.txt	1.086	15	multiple
rand350.txt	1.446	19	multiple
rand351.txt	3.611	17	multiple
rand352.txt	1.103	9	multiple
rand353.txt	0.206	3	multiple
rand354.txt	0.470	5	multiple
rand355.txt	0.812	8	multiple
rand356.txt	0.541	10	multiple
rand357.txt	3.422	10	multiple
rand358.txt	7.204	14	multiple
rand359.txt	5.283	1	unique
rand360.txt	2.254	7	multiple
rand361.txt	8.128	386	multiple
rand362.txt	0.742	8	multiple
rand363.txt	0.155	0	unique
rand364.txt	1.921	4	multiple
rand365.txt	0.451	3	multiple
rand366.txt	1.811	13	multiple
rand367.txt	1.984	16	multiple
rand368.txt	0.435	15	multiple
rand369.txt	2.013	12	multiple
rand370.txt	14.246	116	multiple
rand371.txt	0.727	15	multiple
rand372.txt	0.683	3	multiple
rand373.txt	0.100	0	unique
rand374.txt	2.827	10	multiple
rand375.txt	1.481	4	multiple
rand376.txt	0.951	4	multiple
rand377.txt	17.065	779	multiple
rand378.txt	1.529	13	multiple
rand379.txt	0.233	8	multiple
rand380.txt	0.447	9	multiple
rand381.txt	0.989	10	multiple
rand382.txt	0.912	6	multiple
rand383.txt	8.230	32	multiple
rand384.txt	0.760	5	multiple
rand385.txt	1.455	9	multiple
rand386.txt	5.604	10	multiple
rand387.txt	0.430	1	unique
rand388.txt	0.774	13	multiple
rand389.txt	0.177	7	multiple
rand390.txt	1.512	3	multiple
rand391.txt	8.632	38	multiple
rand392.txt	2.701	10	multiple
rand393.txt	14.418	484	multiple
rand394.txt	6.567	10	multiple
rand395.txt	0.722	6	multiple
rand396.txt	0.636	6	multiple
rand397.txt	1.580	4	multiple
rand398.txt	0.596	9	multiple
rand399.txt	4.964	19	multiple
rand400.txt	1.374	5	multiple
rand401.txt	1.285	13	multiple
rand402.txt	0.492	7	multiple
rand403.txt	7.395	6	multiple
rand404.txt	2.900	15	multiple
rand405.txt	4.036	14	multiple
rand406.txt	0.384	10	multiple
rand407.txt	2.096	13	multiple
rand408.txt	0.590	9	multiple
rand409.txt	0.586	9	multiple
rand410.txt	1.635	10	multiple
rand411.txt	5.952	14	multiple
rand412.txt	2.861	9	multiple
rand413.txt	1.248	15	multiple
rand414.txt	1.289	10	multiple
rand415.txt	13.980	64	multiple
rand416.txt	1.841	4	multiple
rand417.txt	2.626	38	multiple
rand418.txt	10.550	41	multiple
rand419.txt	3.555	17	multiple
rand420.txt	1.429	6	multiple
rand421.txt	0.655	7	multiple
rand422.txt	3.182	17	multiple
rand423.txt	0.310	10	multiple
rand424.txt	0.621	9	multiple
rand425.txt	0.333	7	multiple
rand426.txt	1.076	7	multiple
rand427.txt	6.103	13	multiple
rand428.txt	4.613	17	multiple
rand429.txt	2.146	8	multiple
rand430.txt	3.781	17	multiple
rand431.txt	1.778	33	multiple
rand432.txt	6.118	7	multiple
rand433.txt	1.631	3	multiple
rand434.txt	2.652	16	multiple
rand435.txt	1.899	11	multiple
rand436.txt	0.894	10	multiple
rand437.txt	4.608	4	multiple
rand438.txt	1.749	16	multiple
rand439.txt	2.163	9	multiple
rand440.txt	9.465	57	multiple
rand441.txt	0.720	12	multiple
rand442.txt	12.510	50	multiple
rand443.txt	0.872	7	multiple
rand444.txt	433.606	18729	multiple
rand445.txt	0.585	7	multiple
rand446.txt	0.465	9	multiple
rand447.txt	1.072	13	multiple
rand448.txt	0.660	12	multiple
rand449.txt	7.817	12	multiple
rand450.txt	0.156	0	unique
rand451.txt	1.765	13	multiple
rand452.txt	13.464	41	multiple
rand453.txt	2.674	19	multiple
rand454.txt	3.315	6	multiple
rand455.txt	7.833	198	multiple
rand456.txt	0.699	9	multiple
rand457.txt	0.320	7	multiple
rand458.txt	17.769	55	multiple
rand459.txt	0.952	7	multiple
rand460.txt	0.572	11	multiple
rand461.txt	3.330	5	multiple
rand462.txt	0.512	7	multiple
rand463.txt	16.981	52	multiple
rand464.txt	0.988	8	multiple
rand465.txt	1.412	10	multiple
rand466.txt	0.866	20	multiple
rand467.txt	15.985	54	multiple
rand468.txt	1.648	15	multiple
rand469.txt	0.997	3	multiple
rand470.txt	2.229	20	multiple
rand471.txt	2.438	12	multiple
rand472.txt	2.017	3	multiple
rand473.txt	4.650	30	multiple
rand474.txt	2.081	18	multiple
rand475.txt	5.201	8	multiple
rand476.txt	1.378	8	multiple
rand477.txt	4.683	20	multiple
rand478.txt	9.259	28	multiple
rand479.txt	0.186	0	unique
rand480.txt	1.203	7	multiple
rand481.txt	0.441	7	multiple
rand482.txt	4.821	18	multiple
rand483.txt	1.726	10	multiple
rand484.txt	8.152	153	multiple
rand485.txt	1.143	10	multiple
rand486.txt	1.701	1	unique
rand487.txt	1.240	9	multiple
rand488.txt	0.559	16	multiple
rand489.txt	0.405	8	multiple
rand490.txt	47.892	1544	multiple
rand491.txt	0.716	5	multiple
rand492.txt	2.221	5	multiple
rand493.txt	2.562	7	multiple
rand494.txt	2.345	13	multiple
rand495.txt	2.365	15	multiple
rand496.txt	1.621	8	multiple
rand497.txt	2.364	8	multiple
rand498.txt	2.974	18	multiple
rand499.txt	0.288	3	multiple
rand500.txt	0.339	7	multiple
rand501.txt	0.801	13	multiple
rand502.txt	4.457	7	multiple
rand503.txt	8.451	16	multiple
rand504.txt	1.292	8	multiple
rand505.txt	4.219	9	multiple
rand506.txt	0.776	14	multiple
rand507.txt	0.352	1	unique
rand508.txt	0.336	9	multiple
rand509.txt	2.552	8	multiple
rand510.txt	0.809	7	multiple
rand511.txt	13.329	48	multiple
rand512.txt	5.630	26	multiple
rand513.txt	9.138	31	multiple
rand514.txt	1.468	15	multiple
rand515.txt	4.324	15	multiple
rand516.txt	2.749	16	multiple
rand517.txt	3.775	16	multiple
rand518.txt	0.564	9	multiple
rand519.txt	3.018	19	multiple
rand520.txt	1.883	5	multiple
rand521.txt	0.891	10	multiple
rand522.txt	0.349	3	multiple
rand523.txt	1.167	10	multiple
rand524.txt	2.669	9	multiple
rand525.txt	7.185	15	multiple
rand526.txt	3.878	15	multiple
rand527.txt	3.373	13	multiple
rand528.txt	3.291	7	multiple
rand529.txt	2.693	3	multiple
rand530.txt	4.855	8	multiple
rand531.txt	0.491	11	multiple
rand532.txt	1.834	15	multiple
rand533.txt	0.888	1	unique
rand534.txt	0.271	1	unique
rand535.txt	1.133	4	multiple
rand536.txt	0.254	10	multiple
rand537.txt	4.071	14	multiple
rand538.txt	2.045	11	multiple
rand539.txt	0.209	8	multiple
rand540.txt	1.062	15	multiple
rand541.txt	1.672	10	multiple
rand542.txt	0.798	8	multiple
rand543.txt	0.762	14	multiple
rand544.txt	2.596	15	multiple
rand545.txt	2.337	4	multiple
rand546.txt	4.827	20	multiple
rand547.txt	7.829	19	multiple
rand548.txt	0.637	3	multiple
rand549.txt	0.715	16	multiple
rand550.txt	13.999	106	multiple
rand551.txt	5.569	12	multiple
rand552.txt	2.105	5	multiple
rand553.txt	1.680	9	multiple
rand554.txt	0.706	14	multiple
rand555.txt	0.779	4	multiple
rand556.txt	0.501	4	multiple
rand557.txt	7.650	16	multiple
rand558.txt	0.604	13	multiple
rand559.txt	2.844	16	multiple
rand560.txt	1.121	8	multiple
rand561.txt	0.871	17	multiple
rand562.txt	2.713	14	multiple
rand563.txt	0.738	9	multiple
rand564.txt	0.666	4	multiple
rand565.txt	5.553	10	multiple
rand566.txt	3.453	9	multiple
rand567.txt	7.702	8	multiple
rand568.txt	0.718	9	multiple
rand569.txt	14.919	70	multiple
rand570.txt	2.557	22	multiple
rand571.txt	4.257	16	multiple
rand572.txt	1.609	9	multiple
rand573.txt	1.044	15	multiple
rand574.txt	7.604	29	multiple
rand575.txt	1.182	14	multiple
rand576.txt	1.080	1	unique
rand577.txt	2.972	13	multiple
rand578.txt	0.671	12	multiple
rand579.txt	0.624	20	multiple
rand580.txt	0.699	11	multiple
rand581.txt	10.967	32	multiple
rand582.txt	2.452	15	multiple
rand583.txt	2.038	12	multiple
rand584.txt	1.435	8	multiple
rand585.txt	4.031	11	multiple
rand586.txt	0.837	12	multiple
rand587.txt	0.405	14	multiple
rand588.txt	0.771	7	multiple
rand589.txt	1.433	18	multiple
rand590.txt	0.947	12	multiple
rand591.txt	6.156	14	multiple
rand592.txt	0.585	13	multiple
rand593.txt	0.965	3	multiple
rand594.txt	10.884	14	multiple
rand595.txt	40.573	492	multiple
rand596.txt	1.703	9	multiple
rand597.txt	0.762	9	multiple
rand598.txt	1.716	3	multiple
rand599.txt	0.747	14	multiple
rand600.txt	1.690	16	multiple
rand601.txt	0.345	6	multiple
rand602.txt	1.326	25	multiple
rand603.txt	0.107	0	unique
rand604.txt	1.115	7	multiple
rand605.txt	8.533	154	multiple
rand606.txt	2.069	4	multiple
rand607.txt	11.603	338	multiple
rand608.txt	0.913	8	multiple
rand609.txt	0.439	5	multiple
rand610.txt	0.528	11	multiple
rand611.txt	6.156	5	multiple
rand612.txt	2.861	19	multiple
rand613.txt	2.568	22	multiple
rand614.txt	0.348	11	multiple
rand615.txt	1.478	8	multiple
rand616.txt	0.371	8	multiple
rand617.txt	10.346	25	multiple
rand618.txt	6.642	13	multiple
rand619.txt	2.955	72	multiple
rand620.txt	34.495	1166	multiple
rand621.txt	2.196	14	multiple
rand622.txt	18.139	678	multiple
rand623.txt	0.556	13	multiple
rand624.txt	1.362	13	multiple
rand625.txt	3.365	14	multiple
rand626.txt	0.686	8	multiple
rand627.txt	3.700	10	multiple
rand628.txt	6.636	20	multiple
rand629.txt	1.275	7	multiple
rand630.txt	0.532	5	multiple
rand631.txt	2.528	13	multiple
rand632.txt	9.332	34	multiple
rand633.txt	1.289	13	multiple
rand634.txt	1.887	17	multiple
rand635.txt	5.620	18	multiple
rand636.txt	0.827	13	multiple
rand637.txt	0.514	13	multiple
rand638.txt	1.328	14	multiple
rand639.txt	1.315	10	multiple
rand640.txt	6.541	39	multiple
rand641.txt	0.855	9	multiple
rand642.txt	0.220	3	multiple
rand643.txt	8.709	262	multiple
rand644.txt	0.708	12	multiple
rand645.txt	2.260	14	multiple
rand646.txt	2.890	4	multiple
rand647.txt	0.741	3	multiple
rand648.txt	1.299	10	multiple
rand649.txt	1.830	16	multiple
rand650.txt	2.539	25	multiple
rand651.txt	5.529	130	multiple
rand652.txt	1.031	11	multiple
rand653.txt	0.647	6	multiple
rand654.txt	1.457	11	multiple
rand655.txt	6.896	70	multiple
rand656.txt	4.668	18	multiple
rand657.txt	11.866	50	multiple
rand658.txt	0.836	6	multiple
rand659.txt	14.690	326	multiple
rand660.txt	0.686	12	multiple
rand661.txt	1.551	5	multiple
rand662.txt	0.292	9	multiple
rand663.txt	0.486	10	multiple
rand664.txt	0.208	3	multiple
rand665.txt	3.932	12	multiple
rand666.txt	0.855	13	multiple
rand667.txt	7.211	24	multiple
rand668.txt	2.426	19	multiple
rand669.txt	0.305	8	multiple
rand670.txt	3.806	7	multiple
rand671.txt	0.391	8	multiple
rand672.txt	11.421	19	multiple
rand673.txt	1.593	9	multiple
rand674.txt	1.323	9	multiple
rand675.txt	12.403	64	multiple
rand676.txt	1.524	11	multiple
rand677.txt	0.705	8	multiple
rand678.txt	0.453	5	multiple
rand679.txt	2.315	14	multiple
rand680.txt	5.398	19	multiple
rand681.txt	0.509	8	multiple
rand682.txt	0.402	6	multiple
rand683.txt	3.262	51	multiple
rand684.txt	0.634	9	multiple
rand685.txt	0.966	11	multiple
rand686.txt	0.496	7	multiple
rand687.txt	6.491	13	multiple
rand688.txt	15.392	617	multiple
rand689.txt	1.210	9	multiple
rand690.txt	0.742	16	multiple
rand691.txt	0.495	9	multiple
rand692.txt	0.613	7	multiple
rand693.txt	38.503	308	multiple
rand694.txt	1.251	6	multiple
rand695.txt	1.547	9	multiple
rand696.txt	7.748	21	multiple
rand697.txt	2.592	73	multiple
rand698.txt	1.357	9	multiple
rand699.txt	2.952	19	multiple
rand700.txt	4.604	17	multiple
rand701.txt	1.576	9	multiple
rand702.txt	0.257	4	multiple
rand703.txt	2.079	17	multiple
rand704.txt	1.424	8	multiple
rand705.txt	4.704	11	multiple
rand706.txt	3.726	37	multiple
rand707.txt	0.464	10	multiple
rand708.txt	2.110	11	multiple
rand709.txt	0.693	6	multiple
rand710.txt	0.558	10	multiple
rand711.txt	1.604	8	multiple
rand712.txt	7.838	24	multiple
rand713.txt	13.058	121	multiple
rand714.txt	6.761	177	multiple
rand715.txt	1.032	10	multiple
rand716.txt	0.510	8	multiple
rand717.txt	3.660	7	multiple
rand718.txt	0.827	13	multiple
rand719.txt	0.373	8	multiple
rand720.txt	4.263	8	multiple
rand721.txt	8.777	130	multiple
rand722.txt	0.625	13	multiple
rand723.txt	0.223	5	multiple
rand724.txt	0.247	11	multiple
rand725.txt	0.405	4	multiple
rand726.txt	0.872	15	multiple
rand727.txt	1.019	9	multiple
rand728.txt	3.982	9	multiple
rand729.txt	2.045	10	multiple
rand730.txt	6.319	13	multiple
rand731.txt	1.136	11	multiple
rand732.txt	6.861	9	multiple
rand733.txt	2.827	32	multiple
rand734.txt	4.178	8	multiple
rand735.txt	1.766	4	multiple
rand736.txt	4.308	6	multiple
rand737.txt	3.952	155	multiple
rand738.txt	1.103	10	multiple
rand739.txt	0.873	11	multiple
rand740.txt	0.555	4	multiple
rand741.txt	1.221	8	multiple
rand742.txt	0.701	12	multiple
rand743.txt	0.304	1	unique
rand744.txt	0.721	15	multiple
rand745.txt	1.203	11	multiple
rand746.txt	1.801	19	multiple
rand747.txt	0.628	14	multiple
rand748.txt	1.923	7	multiple
rand749.txt	1.121	16	multiple
rand750.txt	0.645	3	multiple
rand751.txt	2.583	7	multiple
rand752.txt	0.263	4	multiple
rand753.txt	4.378	11	multiple
rand754.txt	2.214	13	multiple
rand755.txt	4.946	18	multiple
rand756.txt	9.812	7	multiple
rand757.txt	6.420	13	multiple
rand758.txt	0.889	8	multiple
rand759.txt	3.475	17	multiple
rand760.txt	1.199	14	multiple
rand761.txt	12.185	40	multiple
rand762.txt	0.476	9	multiple
rand763.txt	4.443	14	multiple
rand764.txt	1.242	15	multiple
rand765.txt	1.007	8	multiple
rand766.txt	9.997	267	multiple
rand767.txt	1.528	6	multiple
rand768.txt	7.123	19	multiple
rand769.txt	1.335	9	multiple
rand770.txt	1.257	3	multiple
rand771.txt	5.767	11	multiple
rand772.txt	3.839	16	multiple
rand773.txt	1.378	8	multiple
rand774.txt	0.561	10	multiple
rand775.txt	1.566	9	multiple
rand776.txt	1.222	21	multiple
rand777.txt	6.494	167	multiple
rand778.txt	1.379	7	multiple
rand779.txt	1.360	9	multiple
rand780.txt	5.957	15	multiple
rand781.txt	1.940	8	multiple
rand782.txt	1.087	11	multiple
rand783.txt	0.738	8	multiple
rand784.txt	19.162	41	multiple
rand785.txt	3.787	10	multiple
rand786.txt	1.312	14	multiple
rand787.txt	18.700	749	multiple
rand788.txt	0.554	12	multiple
rand789.txt	0.958	11	multiple
rand790.txt	1.123	7	multiple
rand791.txt	1.104	7	multiple
rand792.txt	7.599	13	multiple
rand793.txt	3.139	10	multiple
rand794.txt	7.085	12	multiple
rand795.txt	2.792	1	unique
rand796.txt	0.606	8	multiple
rand797.txt	7.758	150	multiple
rand798.txt	4.051	13	multiple
rand799.txt	0.711	1	unique
rand800.txt	0.319	13	multiple
rand801.txt	1.183	10	multiple
rand802.txt	19.886	147	multiple
rand803.txt	0.476	5	multiple
rand804.txt	0.460	12	multiple
rand805.txt	2.731	12	multiple
rand806.txt	6.966	12	multiple
rand807.txt	2.358	10	multiple
rand808.txt	3.584	8	multiple
rand809.txt	3.717	11	multiple
rand810.txt	8.770	251	multiple
rand811.txt	0.542	3	multiple
rand812.txt	1.429	10	multiple
rand813.txt	14.910	41	multiple
rand814.txt	1.009	26	multiple
rand815.txt	3.579	8	multiple
rand816.txt	0.468	7	multiple
rand817.txt	0.525	8	multiple
rand818.txt	0.948	12	multiple
rand819.txt	0.947	8	multiple
rand820.txt	7.337	17	multiple
rand821.txt	13.960	368	multiple
rand822.txt	0.930	4	multiple
rand823.txt	0.765	8	multiple
rand824.txt	5.674	16	multiple
rand825.txt	8.554	18	multiple
rand826.txt	8.699	313	multiple
rand827.txt	0.530	1	unique
rand828.txt	13.072	54	multiple
rand829.txt	0.277	3	multiple
rand830.txt	0.776	10	multiple
rand831.txt	6.764	115	multiple
rand832.txt	0.797	4	multiple
rand833.txt	13.716	340	multiple
rand834.txt	19.661	129	multiple
rand835.txt	0.358	1	unique
rand836.txt	1.979	10	multiple
rand837.txt	2.585	79	multiple
rand838.txt	0.422	13	multiple
rand839.txt	3.125	11	multiple
rand840.txt	2.487	23	multiple
rand841.txt	3.146	5	multiple
rand842.txt	2.976	9	multiple
rand843.txt	4.030	23	multiple
rand844.txt	2.495	3	multiple
rand845.txt	0.456	7	multiple
rand846.txt	13.406	427	multiple
rand847.txt	3.512	16	multiple
rand848.txt	15.305	110	multiple
rand849.txt	0.879	16	multiple
rand850.txt	2.287	6	multiple
rand851.txt	3.834	5	multiple
rand852.txt	0.347	3	multiple
rand853.txt	13.016	39	multiple
rand854.txt	2.707	15	multiple
rand855.txt	9.626	60	multiple
rand856.txt	0.270	4	multiple
rand857.txt	0.751	11	multiple
rand858.txt	6.191	8	multiple
rand859.txt	2.981	12	multiple
rand860.txt	1.116	4	multiple
rand861.txt	5.642	15	multiple
rand862.txt	1.007	4	multiple
rand863.txt	0.886	9	multiple
rand864.txt	8.580	11	multiple
rand865.txt	0.696	17	multiple
rand866.txt	3.074	9	multiple
rand867.txt	0.637	13	multiple
rand868.txt	0.403	1	unique
rand869.txt	3.576	15	multiple
rand870.txt	13.442	36	multiple
rand871.txt	2.092	44	multiple
rand872.txt	1.219	7	multiple
rand873.txt	0.423	8	multiple
rand874.txt	3.063	6	multiple
rand875.txt	0.270	4	multiple
rand876.txt	0.539	14	multiple
rand877.txt	5.906	17	multiple
rand878.txt	0.702	10	multiple
rand879.txt	3.764	13	multiple
rand880.txt	1.445	16	multiple
rand881.txt	1.914	10	multiple
rand882.txt	3.155	19	multiple
rand883.txt	1.868	3	multiple
rand884.txt	0.365	11	multiple
rand885.txt	4.532	10	multiple
rand886.txt	1.281	11	multiple
rand887.txt	7.700	7	multiple
rand888.txt	2.307	11	multiple
rand889.txt	6.214	14	multiple
rand890.txt	1.421	10	multiple
rand891.txt	1.042	10	multiple
rand892.txt	1.821	9	multiple
rand893.txt	2.316	12	multiple
rand894.txt	0.824	9	multiple
rand895.txt	1.308	11	multiple
rand896.txt	1.001	4	multiple
rand897.txt	0.351	7	multiple
rand898.txt	3.796	15	multiple
rand899.txt	7.462	10	multiple
rand900.txt	0.296	7	multiple
rand901.txt	1.144	7	multiple
rand902.txt	2.015	11	multiple
rand903.txt	0.607	13	multiple
rand904.txt	1.006	20	multiple
rand905.txt	3.994	11	multiple
rand906.txt	0.636	1	unique
rand907.txt	6.707	8	multiple
rand908.txt	1.818	11	multiple
rand909.txt	0.352	7	multiple
rand910.txt	0.675	14	multiple
rand911.txt	11.196	129	multiple
rand912.txt	8.155	7	multiple
rand913.txt	0.410	10	multiple
rand914.txt	0.728	12	multiple
rand915.txt	5.219	13	multiple
rand916.txt	1.811	9	multiple
rand917.txt	6.531	13	multiple
rand918.txt	1.150	11	multiple
rand919.txt	1.721	8	multiple
rand920.txt	1.532	11	multiple
rand921.txt	0.514	8	multiple
rand922.txt	3.058	9	multiple
rand923.txt	1.944	9	multiple
rand924.txt	19.533	81	multiple
rand925.txt	0.476	10	multiple
rand926.txt	6.363	25	multiple
rand927.txt	3.342	9	multiple
rand928.txt	0.774	3	multiple
rand929.txt	1.289	7	multiple
rand930.txt	2.739	15	multiple
rand931.txt	1.691	11	multiple
rand932.txt	14.492	61	multiple
rand933.txt	1.463	6	multiple
rand934.txt	5.372	6	multiple
rand935.txt	1.167	14	multiple
rand936.txt	0.500	7	multiple
rand937.txt	11.207	43	multiple
rand938.txt	35.675	325	multiple
rand939.txt	0.257	3	multiple
rand940.txt	1.621	13	multiple
rand941.txt	0.402	14	multiple
rand942.txt	5.938	24	multiple
rand943.txt	0.185	3	multiple
rand944.txt	3.325	13	multiple
rand945.txt	5.466	27	multiple
rand946.txt	0.479	8	multiple
rand947.txt	1.571	7	multiple
rand948.txt	1.646	14	multiple
rand949.txt	0.678	8	multiple
rand950.txt	1.982	20	multiple
rand951.txt	0.737	14	multiple
rand952.txt	8.265	10	multiple
rand953.txt	0.820	10	multiple
rand954.txt	2.376	3	multiple
rand955.txt	0.815	9	multiple
rand956.txt	0.593	9	multiple
rand957.txt	0.608	1	unique
rand958.txt	0.720	3	multiple
rand959.txt	2.187	26	multiple
rand960.txt	0.265	1	unique
rand961.txt	0.656	8	multiple
rand962.txt	0.583	8	multiple
rand963.txt	4.024	11	multiple
rand964.txt	0.725	3	multiple
rand965.txt	7.775	11	multiple
rand966.txt	0.663	9	multiple
rand967.txt	2.384	16	multiple
rand968.txt	0.446	6	multiple
rand969.txt	0.565	13	multiple
rand970.txt	1.374	8	multiple
rand971.txt	6.741	13	multiple
rand972.txt	2.577	19	multiple
rand973.txt	22.741	873	multiple
rand974.txt	0.710	14	multiple
rand975.txt	10.584	357	multiple
rand976.txt	4.155	11	multiple
rand977.txt	3.010	10	multiple
rand978.txt	0.770	10	multiple
rand979.txt	44.150	676	multiple
rand980.txt	2.203	13	multiple
rand981.txt	3.099	6	multiple
rand982.txt	2.924	18	multiple
rand983.txt	1.341	15	multiple
rand984.txt	0.729	12	multiple
rand985.txt	0.227	3	multiple
rand986.txt	1.446	12	multiple
rand987.txt	5.966	14	multiple
rand988.txt	1.173	10	multiple
rand989.txt	3.528	6	multiple
rand990.txt	1.520	13	multiple
rand991.txt	0.738	3	multiple
rand992.txt	2.312	13	multiple
rand993.txt	4.192	10	multiple
rand994.txt	2.497	5	multiple
rand995.txt	3.502	17	multiple
rand996.txt	2.458	11	multiple
rand997.txt	5.479	11	multiple
rand998.txt	1.489	10	multiple
rand999.txt	30.199	1357	multiple
rand1000.txt	0.432	3	multiple
rand1001.txt	10.015	42	multiple
rand1002.txt	0.565	8	multiple
rand1003.txt	2.357	4	multiple
rand1004.txt	2.306	7	multiple
rand1005.txt	0.744	10	multiple
rand1006.txt	2.952	7	multiple
rand1007.txt	0.330	17	multiple
rand1008.txt	18.533	261	multiple
rand1009.txt	0.957	8	multiple
rand1010.txt	0.749	3	multiple
rand1011.txt	3.001	8	multiple
rand1012.txt	0.744	11	multiple
rand1013.txt	1.372	5	multiple
rand1014.txt	11.078	172	multiple
rand1015.txt	2.563	10	multiple
rand1016.txt	0.433	7	multiple
rand1017.txt	0.983	14	multiple
rand1018.txt	1.839	14	multiple
rand1019.txt	5.963	13	multiple
rand1020.txt	1.770	8	multiple
rand1021.txt	2.222	11	multiple
rand1022.txt	0.348	7	multiple
rand1023.txt	1.191	7	multiple
rand1024.txt	29.572	88	multiple
rand1025.txt	0.673	6	multiple
rand1026.txt	1.963	11	multiple
rand1027.txt	3.694	13	multiple
rand1028.txt	0.518	12	multiple
rand1029.txt	8.410	135	multiple
rand1030.txt	1.319	1	unique
rand1031.txt	3.482	7	multiple
rand1032.txt	0.701	7	multiple
rand1033.txt	0.863	12	multiple
rand1034.txt	2.183	8	multiple
rand1035.txt	4.648	8	multiple
rand1036.txt	1.049	12	multiple
rand1037.txt	0.524	16	multiple
rand1038.txt	0.620	10	multiple
rand1039.txt	1.698	11	multiple
rand1040.txt	0.970	15	multiple
rand1041.txt	0.813	11	multiple
rand1042.txt	1.367	7	multiple
rand1043.txt	1.179	8	multiple
rand1044.txt	1.079	13	multiple
rand1045.txt	1.784	13	multiple
rand1046.txt	0.435	4	multiple
rand1047.txt	5.017	12	multiple
rand1048.txt	0.481	8	multiple
rand1049.txt	13.448	13	multiple
rand1050.txt	2.464	21	multiple
rand1051.txt	0.508	3	multiple
rand1052.txt	1.097	9	multiple
rand1053.txt	1.701	9	multiple
rand1054.txt	1.281	3	multiple
rand1055.txt	9.861	13	multiple
rand1056.txt	1.118	5	multiple
rand1057.txt	0.500	5	multiple
rand1058.txt	4.458	9	multiple
rand1059.txt	3.710	7	multiple
rand1060.txt	0.639	14	multiple
rand1061.txt	0.408	4	multiple
rand1062.txt	0.613	5	multiple
rand1063.txt	0.528	8	multiple
rand1064.txt	2.145	8	multiple
rand1065.txt	0.446	12	multiple
rand1066.txt	0.328	4	multiple
rand1067.txt	17.325	37	multiple
rand1068.txt	0.681	3	multiple
rand1069.txt	1.894	7	multiple
rand1070.txt	2.204	4	multiple
rand1071.txt	2.439	20	multiple
rand1072.txt	2.889	17	multiple
rand1073.txt	14.545	55	multiple
rand1074.txt	0.572	6	multiple
rand1075.txt	4.225	19	multiple
rand1076.txt	0.969	10	multiple
rand1077.txt	1.743	8	multiple
rand1078.txt	12.762	34	multiple
rand1079.txt	0.471	7	multiple
rand1080.txt	1.553	13	multiple
rand1081.txt	1.402	13	multiple
rand1082.txt	3.602	33	multiple
rand1083.txt	4.837	23	multiple
rand1084.txt	1.450	13	multiple
rand1085.txt	1.254	9	multiple
rand1086.txt	5.484	79	multiple
rand1087.txt	1.301	10	multiple
rand1088.txt	1.061	14	multiple
rand1089.txt	0.577	7	multiple
rand1090.txt	1.074	23	multiple
rand1091.txt	0.239	4	multiple
rand1092.txt	1.605	4	multiple
rand1093.txt	2.263	44	multiple
rand1094.txt	0.666	8	multiple
rand1095.txt	1.389	13	multiple
rand1096.txt	4.206	4	multiple
rand1097.txt	14.811	62	multiple
rand1098.txt	0.473	7	multiple
rand1099.txt	0.241	7	multiple
rand1100.txt	0.320	3	multiple
rand1101.txt	6.604	18	multiple
rand1102.txt	0.942	12	multiple
rand1103.txt	0.735	5	multiple
rand1104.txt	0.702	4	multiple
rand1105.txt	2.920	13	multiple
rand1106.txt	0.809	10	multiple
rand1107.txt	6.553	14	multiple
rand1108.txt	2.056	11	multiple
rand1109.txt	1.768	13	multiple
rand1110.txt	6.953	206	multiple
rand1111.txt	1.460	10	multiple
rand1112.txt	2.681	3	multiple
rand1113.txt	1.334	16	multiple
rand1114.txt	2.761	6	multiple
rand1115.txt	5.072	15	multiple
rand1116.txt	2.712	4	multiple
rand1117.txt	0.500	5	multiple
rand1118.txt	2.420	3	multiple
rand1119.txt	0.937	7	multiple
rand1120.txt	0.551	10	multiple
rand1121.txt	2.846	24	multiple
rand1122.txt	1.357	8	multiple
rand1123.txt	4.211	6	multiple
rand1124.txt	3.152	14	multiple
rand1125.txt	8.506	224	multiple
rand1126.txt	0.766	9	multiple
rand1127.txt	19.334	43	multiple
rand1128.txt	2.854	9	multiple
rand1129.txt	1.007	13	multiple
rand1130.txt	0.788	15	multiple
rand1131.txt	3.783	10	multiple
rand1132.txt	1.716	14	multiple
rand1133.txt	12.422	103	multiple
rand1134.txt	3.517	105	multiple
rand1135.txt	1.531	5	multiple
rand1136.txt	5.383	17	multiple
rand1137.txt	1.245	7	multiple
rand1138.txt	6.190	129	multiple
rand1139.txt	2.254	20	multiple
rand1140.txt	0.354	12	multiple
rand1141.txt	0.786	8	multiple
rand1142.txt	4.206	11	multiple
rand1143.txt	0.685	7	multiple
rand1144.txt	1.824	7	multiple
rand1145.txt	0.657	4	multiple
rand1146.txt	9.151	299	multiple
rand1147.txt	3.183	9	multiple
rand1148.txt	0.696	9	multiple
rand1149.txt	3.151	4	multiple
rand1150.txt	1.436	19	multiple
rand1151.txt	0.844	18	multiple
rand1152.txt	0.366	10	multiple
rand1153.txt	0.648	17	multiple
rand1154.txt	1.177	18	multiple
rand1155.txt	20.082	46	multiple
rand1156.txt	3.811	21	multiple
rand1157.txt	2.235	16	multiple
rand1158.txt	1.811	3	multiple
rand1159.txt	4.880	19	multiple
rand1160.txt	0.733	1	unique
rand1161.txt	4.460	24	multiple
rand1162.txt	0.832	8	multiple
rand1163.txt	1.320	15	multiple
rand1164.txt	1.783	13	multiple
rand1165.txt	1.943	9	multiple
rand1166.txt	1.107	11	multiple
rand1167.txt	1.124	9	multiple
rand1168.txt	2.330	7	multiple
rand1169.txt	0.281	3	multiple
rand1170.txt	0.305	6	multiple
rand1171.txt	2.145	26	multiple
rand1172.txt	5.383	10	multiple
rand1173.txt	0.419	3	multiple
rand1174.txt	0.819	9	multiple
rand1175.txt	0.238	11	multiple
rand1176.txt	2.315	10	multiple
rand1177.txt	6.022	14	multiple
rand1178.txt	18.132	73	multiple
rand1179.txt	0.589	5	multiple
rand1180.txt	0.750	8	multiple
rand1181.txt	5.497	15	multiple
rand1182.txt	0.396	1	unique
rand1183.txt	0.255	3	multiple
rand1184.txt	1.066	18	multiple
rand1185.txt	4.004	8	multiple
rand1186.txt	1.781	10	multiple
rand1187.txt	1.628	10	multiple
rand1188.txt	11.702	24	multiple
rand1189.txt	3.609	10	multiple
rand1190.txt	4.063	9	multiple
rand1191.txt	4.487	7	multiple
rand1192.txt	0.802	1	unique
rand1193.txt	2.071	7	multiple
rand1194.txt	2.036	11	multiple
rand1195.txt	6.454	5	multiple
rand1196.txt	1.092	11	multiple
rand1197.txt	2.383	7	multiple
rand1198.txt	10.246	13	multiple
rand1199.txt	2.229	8	multiple
rand1200.txt	2.801	9	multiple
rand1201.txt	2.297	9	multiple
rand1202.txt	9.528	18	multiple
rand1203.txt	1.838	9	multiple
rand1204.txt	0.765	8	multiple
rand1205.txt	5.811	16	multiple
rand1206.txt	0.592	11	multiple
rand1207.txt	0.211	3	multiple
rand1208.txt	0.523	8	multiple
rand1209.txt	1.047	10	multiple
rand1210.txt	0.691	17	multiple
rand1211.txt	1.088	1	unique
rand1212.txt	6.245	7	multiple
rand1213.txt	0.859	3	multiple
rand1214.txt	1.156	9	multiple
rand1215.txt	2.514	11	multiple
rand1216.txt	3.725	18	multiple
rand1217.txt	0.847	7	multiple
rand1218.txt	5.201	15	multiple
rand1219.txt	1.800	7	multiple
rand1220.txt	4.006	15	multiple
rand1221.txt	1.411	14	multiple
rand1222.txt	4.690	12	multiple
rand1223.txt	0.770	10	multiple
rand1224.txt	9.918	43	multiple
rand1225.txt	0.831	17	multiple
rand1226.txt	0.844	10	multiple
rand1227.txt	3.245	5	multiple
rand1228.txt	3.806	12	multiple
rand1229.txt	1.588	12	multiple
rand1230.txt	15.176	33	multiple
rand1231.txt	0.671	8	multiple
rand1232.txt	0.494	4	multiple
rand1233.txt	0.468	3	multiple
rand1234.txt	1.437	13	multiple
rand1235.txt	3.765	17	multiple
rand1236.txt	1.701	6	multiple
rand1237.txt	0.757	7	multiple
rand1238.txt	0.951	9	multiple
rand1239.txt	15.266	22	multiple
rand1240.txt	0.526	14	multiple
rand1241.txt	0.391	9	multiple
rand1242.txt	4.793	5	multiple
rand1243.txt	1.305	25	multiple
rand1244.txt	0.549	3	multiple
rand1245.txt	0.451	11	multiple
rand1246.txt	0.529	11	multiple
rand1247.txt	6.511	16	multiple
rand1248.txt	1.754	12	multiple
rand1249.txt	0.627	10	multiple
rand1250.txt	0.477	3	multiple
rand1251.txt	2.217	6	multiple
rand1252.txt	15.576	37	multiple
rand1253.txt	0.767	3	multiple
rand1254.txt	2.666	9	multiple
rand1255.txt	3.672	20	multiple
rand1256.txt	0.758	16	multiple
rand1257.txt	16.528	135	multiple
rand1258.txt	9.171	450	multiple
rand1259.txt	0.515	4	multiple
rand1260.txt	0.650	14	multiple
rand1261.txt	0.343	4	multiple
rand1262.txt	1.320	5	multiple
rand1263.txt	4.060	12	multiple
rand1264.txt	0.562	8	multiple
rand1265.txt	20.056	667	multiple
rand1266.txt	0.748	12	multiple
rand1267.txt	1.836	9	multiple
rand1268.txt	3.194	7	multiple
rand1269.txt	1.272	9	multiple
rand1270.txt	4.474	13	multiple
rand1271.txt	5.221	166	multiple
rand1272.txt	1.005	14	multiple
rand1273.txt	0.323	8	multiple
rand1274.txt	0.184	16	multiple
rand1275.txt	1.673	4	multiple
rand1276.txt	2.027	13	multiple
rand1277.txt	7.533	7	multiple
rand1278.txt	1.196	7	multiple
rand1279.txt	2.487	13	multiple
rand1280.txt	1.093	8	multiple
rand1281.txt	0.392	1	unique
rand1282.txt	0.682	8	multiple
rand1283.txt	0.717	12	multiple
rand1284.txt	2.050	17	multiple
rand1285.txt	16.019	23	multiple
rand1286.txt	15.943	61	multiple
rand1287.txt	1.059	13	multiple
rand1288.txt	5.127	19	multiple
rand1289.txt	0.431	9	multiple
rand1290.txt	0.824	11	multiple
rand1291.txt	89.743	3572	multiple
rand1292.txt	0.561	9	multiple
rand1293.txt	3.768	17	multiple
rand1294.txt	1.518	8	multiple
rand1295.txt	2.086	4	multiple
rand1296.txt	1.776	21	multiple
rand1297.txt	0.756	3	multiple
rand1298.txt	0.564	5	multiple
rand1299.txt	3.466	12	multiple
rand1300.txt	0.633	8	multiple
rand1301.txt	3.529	10	multiple
rand1302.txt	4.494	84	multiple
rand1303.txt	2.433	18	multiple
rand1304.txt	1.527	7	multiple
rand1305.txt	0.345	7	multiple
rand1306.txt	0.552	3	multiple
rand1307.txt	0.916	7	multiple
rand1308.txt	0.258	12	multiple
rand1309.txt	1.275	12	multiple
rand1310.txt	7.078	14	multiple
rand1311.txt	4.631	12	multiple
rand1312.txt	0.603	1	unique
rand1313.txt	39.857	225	multiple
rand1314.txt	2.898	18	multiple
rand1315.txt	1.471	4	multiple
rand1316.txt	2.990	32	multiple
rand1317.txt	1.666	14	multiple
rand1318.txt	0.308	8	multiple
rand1319.txt	0.444	4	multiple
rand1320.txt	0.320	3	multiple
rand1321.txt	1.289	13	multiple
rand1322.txt	4.193	5	multiple
rand1323.txt	2.018	13	multiple
rand1324.txt	3.704	8	multiple
rand1325.txt	12.346	183	multiple
rand1326.txt	0.416	13	multiple
rand1327.txt	0.233	1	unique
rand1328.txt	3.776	14	multiple
rand1329.txt	1.057	6	multiple
rand1330.txt	2.517	4	multiple
rand1331.txt	1.412	9	multiple
rand1332.txt	6.752	41	multiple
rand1333.txt	4.455	12	multiple
rand1334.txt	0.303	18	multiple
rand1335.txt	0.992	10	multiple
rand1336.txt	2.534	19	multiple
rand1337.txt	2.259	7	multiple
rand1338.txt	3.123	8	multiple
rand1339.txt	2.221	8	multiple
rand1340.txt	0.575	7	multiple
rand1341.txt	1.259	12	multiple
rand1342.txt	2.226	17	multiple
rand1343.txt	4.806	4	multiple
rand1344.txt	0.762	3	multiple
rand1345.txt	72.964	2508	multiple
rand1346.txt	2.658	21	multiple
rand1347.txt	7.549	172	multiple
rand1348.txt	0.411	7	multiple
rand1349.txt	24.297	119	multiple
rand1350.txt	1.205	7	multiple
rand1351.txt	0.832	12	multiple
rand1352.txt	0.508	11	multiple
rand1353.txt	7.145	9	multiple
rand1354.txt	0.494	12	multiple
rand1355.txt	5.332	211	multiple
rand1356.txt	3.810	118	multiple
rand1357.txt	0.610	4	multiple
rand1358.txt	17.017	864	multiple
rand1359.txt	1.931	16	multiple
rand1360.txt	2.910	17	multiple
rand1361.txt	2.220	17	multiple
rand1362.txt	4.501	19	multiple
rand1363.txt	1.832	12	multiple
rand1364.txt	2.145	12	multiple
rand1365.txt	1.748	16	multiple
rand1366.txt	0.707	5	multiple
rand1367.txt	2.375	7	multiple
rand1368.txt	1.865	15	multiple
rand1369.txt	0.641	11	multiple
rand1370.txt	3.472	6	multiple
rand1371.txt	1.223	10	multiple
rand1372.txt	0.825	11	multiple
rand1373.txt	0.974	11	multiple
rand1374.txt	38.368	1222	multiple
rand1375.txt	1.225	12	multiple
rand1376.txt	0.461	1	unique
rand1377.txt	0.958	4	multiple
rand1378.txt	5.056	11	multiple
rand1379.txt	3.825	10	multiple
rand1380.txt	0.559	3	multiple
rand1381.txt	6.768	17	multiple
rand1382.txt	1.584	13	multiple
rand1383.txt	5.703	23	multiple
rand1384.txt	1.310	12	multiple
rand1385.txt	3.429	10	multiple
rand1386.txt	0.326	4	multiple
rand1387.txt	3.072	7	multiple
rand1388.txt	1.025	1	unique
rand1389.txt	1.098	15	multiple
rand1390.txt	0.308	16	multiple
rand1391.txt	1.818	14	multiple
rand1392.txt	0.343	10	multiple
rand1393.txt	0.775	15	multiple
rand1394.txt	7.217	7	multiple
rand1395.txt	1.302	19	multiple
rand1396.txt	2.417	13	multiple
rand1397.txt	1.234	8	multiple
rand1398.txt	3.368	8	multiple
rand1399.txt	98.823	1214	multiple
rand1400.txt	1.200	7	multiple
rand1401.txt	4.750	17	multiple
rand1402.txt	0.463	1	unique
rand1403.txt	1.583	10	multiple
rand1404.txt	1.392	11	multiple
rand1405.txt	1.044	3	multiple
rand1406.txt	4.422	9	multiple
rand1407.txt	1.462	37	multiple
rand1408.txt	0.936	11	multiple
rand1409.txt	0.995	14	multiple
rand1410.txt	1.499	9	multiple
rand1411.txt	1.499	7	multiple
rand1412.txt	0.301	10	multiple
rand1413.txt	3.552	11	multiple
rand1414.txt	4.620	19	multiple
rand1415.txt	4.704	15	multiple
rand1416.txt	0.759	8	multiple
rand1417.txt	1.098	10	multiple
rand1418.txt	2.135	8	multiple
rand1419.txt	4.220	10	multiple
rand1420.txt	0.311	8	multiple
rand1421.txt	3.686	21	multiple
rand1422.txt	5.300	9	multiple
rand1423.txt	1.772	3	multiple
rand1424.txt	3.114	33	multiple
rand1425.txt	1.334	13	multiple
rand1426.txt	3.989	14	multiple
rand1427.txt	0.570	10	multiple
rand1428.txt	0.176	7	multiple
rand1429.txt	2.178	10	multiple
rand1430.txt	1.762	1	unique
rand1431.txt	2.637	8	multiple
rand1432.txt	4.890	7	multiple
rand1433.txt	4.892	15	multiple
rand1434.txt	2.132	6	multiple
rand1435.txt	17.557	172	multiple
rand1436.txt	2.862	14	multiple
rand1437.txt	2.061	12	multiple
rand1438.txt	2.157	14	multiple
rand1439.txt	1.348	10	multiple
rand1440.txt	72.150	685	multiple
rand1441.txt	1.532	8	multiple
rand1442.txt	19.430	145	multiple
rand1443.txt	0.485	13	multiple
rand1444.txt	1.638	11	multiple
rand1445.txt	1.829	32	multiple
rand1446.txt	0.548	11	multiple
rand1447.txt	10.720	27	multiple
rand1448.txt	0.576	4	multiple
rand1449.txt	0.314	9	multiple
rand1450.txt	0.875	14	multiple
rand1451.txt	0.369	6	multiple
rand1452.txt	1.022	10	multiple
rand1453.txt	1.702	7	multiple
rand1454.txt	0.575	3	multiple
rand1455.txt	0.591	5	multiple
rand1456.txt	2.582	3	multiple
rand1457.txt	2.149	8	multiple
rand1458.txt	4.553	15	multiple
rand1459.txt	0.882	9	multiple
rand1460.txt	3.452	10	multiple
rand1461.txt	17.447	26	multiple
rand1462.txt	3.992	25	multiple
rand1463.txt	1.104	5	multiple
rand1464.txt	0.529	8	multiple
rand1465.txt	1.990	7	multiple
rand1466.txt	4.406	10	multiple
rand1467.txt	2.239	12	multiple
rand1468.txt	1.110	10	multiple
rand1469.txt	2.620	8	multiple
rand1470.txt	2.808	12	multiple
rand1471.txt	0.591	11	multiple
rand1472.txt	1.181	7	multiple
rand1473.txt	1.866	3	multiple
rand1474.txt	1.730	11	multiple
rand1475.txt	4.597	8	multiple
rand1476.txt	3.757	11	multiple
rand1477.txt	7.180	18	multiple
rand1478.txt	5.074	5	multiple
rand1479.txt	3.070	46	multiple
rand1480.txt	4.760	16	multiple
rand1481.txt	10.590	141	multiple
rand1482.txt	0.904	4	multiple
rand1483.txt	0.276	11	multiple
rand1484.txt	5.749	23	multiple
rand1485.txt	2.284	10	multiple
rand1486.txt	1.659	13	multiple
rand1487.txt	2.804	4	multiple
rand1488.txt	1.618	3	multiple
rand1489.txt	6.511	19	multiple
rand1490.txt	1.036	10	multiple
rand1491.txt	1.655	12	multiple
rand1492.txt	1.091	8	multiple
rand1493.txt	1.574	9	multiple
rand1494.txt	0.993	6	multiple
rand1495.txt	0.899	15	multiple
rand1496.txt	17.576	38	multiple
rand1497.txt	22.989	261	multiple
rand1498.txt	0.587	12	multiple
rand1499.txt	0.395	1	unique
rand1500.txt	4.096	17	multiple
rand1501.txt	0.316	8	multiple
rand1502.txt	2.143	10	multiple
rand1503.txt	0.612	12	multiple
rand1504.txt	5.762	13	multiple
rand1505.txt	1.065	14	multiple
rand1506.txt	0.432	9	multiple
rand1507.txt	2.028	13	multiple
rand1508.txt	2.002	9	multiple
rand1509.txt	0.999	3	multiple
rand1510.txt	7.985	11	multiple
rand1511.txt	0.390	7	multiple
rand1512.txt	3.502	21	multiple
rand1513.txt	1.034	10	multiple
rand1514.txt	0.587	7	multiple
rand1515.txt	0.659	7	multiple
rand1516.txt	1.158	6	multiple
rand1517.txt	2.991	14	multiple
rand1518.txt	3.816	19	multiple
rand1519.txt	7.049	13	multiple
rand1520.txt	1.721	18	multiple
rand1521.txt	9.042	25	multiple
rand1522.txt	1.317	8	multiple
rand1523.txt	2.729	11	multiple
rand1524.txt	0.432	11	multiple
rand1525.txt	6.796	15	multiple
rand1526.txt	0.925	3	multiple
rand1527.txt	0.741	9	multiple
rand1528.txt	0.494	14	multiple
rand1529.txt	14.282	42	multiple
rand1530.txt	0.608	8	multiple
rand1531.txt	1.310	8	multiple
rand1532.txt	2.600	11	multiple
rand1533.txt	4.281	4	multiple
rand1534.txt	2.272	5	multiple
rand1535.txt	6.132	165	multiple
rand1536.txt	2.006	9	multiple
rand1537.txt	1.794	14	multiple
rand1538.txt	0.176	0	unique
rand1539.txt	1.242	1	unique
rand1540.txt	1.189	6	multiple
rand1541.txt	4.278	13	multiple
rand1542.txt	1.400	15	multiple
rand1543.txt	8.584	10	multiple
rand1544.txt	0.317	9	multiple
rand1545.txt	0.562	14	multiple
rand1546.txt	0.340	12	multiple
rand1547.txt	1.157	9	multiple
rand1548.txt	5.793	7	multiple
rand1549.txt	0.649	11	multiple
rand1550.txt	0.962	17	multiple
rand1551.txt	30.389	977	multiple
rand1552.txt	1.662	19	multiple
rand1553.txt	1.009	8	multiple
rand1554.txt	3.514	9	multiple
rand1555.txt	0.308	10	multiple
rand1556.txt	5.382	8	multiple
rand1557.txt	0.549	15	multiple
rand1558.txt	3.473	25	multiple
rand1559.txt	1.576	14	multiple
rand1560.txt	0.559	3	multiple
rand1561.txt	0.251	3	multiple
rand1562.txt	7.899	14	multiple
rand1563.txt	0.920	3	multiple
rand1564.txt	0.760	18	multiple
rand1565.txt	4.447	13	multiple
rand1566.txt	1.222	6	multiple
rand1567.txt	1.189	6	multiple
rand1568.txt	2.269	16	multiple
rand1569.txt	0.261	8	multiple
rand1570.txt	0.293	8	multiple
rand1571.txt	18.570	78	multiple
rand1572.txt	12.920	45	multiple
rand1573.txt	2.049	15	multiple
rand1574.txt	1.908	18	multiple
rand1575.txt	3.379	18	multiple
rand1576.txt	5.433	15	multiple
rand1577.txt	2.366	35	multiple
rand1578.txt	1.986	65	multiple
rand1579.txt	0.739	9	multiple
rand1580.txt	6.916	14	multiple
rand1581.txt	16.187	31	multiple
rand1582.txt	5.181	15	multiple
rand1583.txt	2.039	12	multiple
rand1584.txt	0.779	7	multiple
rand1585.txt	0.630	15	multiple
rand1586.txt	1.169	18	multiple
rand1587.txt	1.767	7	multiple
rand1588.txt	3.403	11	multiple
rand1589.txt	0.480	3	multiple
rand1590.txt	12.004	37	multiple
rand1591.txt	0.774	6	multiple
rand1592.txt	0.531	11	multiple
rand1593.txt	4.202	13	multiple
rand1594.txt	1.695	8	multiple
rand1595.txt	1.887	12	multiple
rand1596.txt	7.708	10	multiple
rand1597.txt	0.568	9	multiple
rand1598.txt	0.405	8	multiple
rand1599.txt	4.727	16	multiple
rand1600.txt	0.647	12	multiple
rand1601.txt	0.332	11	multiple
rand1602.txt	0.685	14	multiple
rand1603.txt	1.811	4	multiple
rand1604.txt	4.122	10	multiple
rand1605.txt	12.512	56	multiple
rand1606.txt	15.210	64	multiple
rand1607.txt	0.908	6	multiple
rand1608.txt	1.594	11	multiple
rand1609.txt	1.223	9	multiple
rand1610.txt	2.592	12	multiple
rand1611.txt	1.489	8	multiple
rand1612.txt	5.038	8	multiple
rand1613.txt	3.105	10	multiple
rand1614.txt	4.160	13	multiple
rand1615.txt	0.668	17	multiple
rand1616.txt	1.681	18	multiple
rand1617.txt	18.613	100	multiple
rand1618.txt	0.562	11	multiple
rand1619.txt	2.936	6	multiple
rand1620.txt	29.896	426	multiple
rand1621.txt	1.215	16	multiple
rand1622.txt	3.138	12	multiple
rand1623.txt	0.363	4	multiple
rand1624.txt	1.753	21	multiple
rand1625.txt	0.691	1	unique
rand1626.txt	1.828	9	multiple
rand1627.txt	2.546	13	multiple
rand1628.txt	0.544	9	multiple
rand1629.txt	3.128	8	multiple
rand1630.txt	5.940	15	multiple
rand1631.txt	19.990	48	multiple
rand1632.txt	1.213	11	multiple
rand1633.txt	0.326	17	multiple
rand1634.txt	0.684	10	multiple
rand1635.txt	0.354	21	multiple
rand1636.txt	3.795	20	multiple
rand1637.txt	13.167	198	multiple
rand1638.txt	3.886	16	multiple
rand1639.txt	6.831	24	multiple
rand1640.txt	1.336	4	multiple
rand1641.txt	0.859	11	multiple
rand1642.txt	0.782	13	multiple
rand1643.txt	0.390	15	multiple
rand1644.txt	0.852	3	multiple
rand1645.txt	5.488	13	multiple
rand1646.txt	0.678	14	multiple
rand1647.txt	9.012	142	multiple
rand1648.txt	3.643	9	multiple
rand1649.txt	0.974	7	multiple
rand1650.txt	0.948	10	multiple
rand1651.txt	1.037	8	multiple
rand1652.txt	0.841	8	multiple
rand1653.txt	0.906	9	multiple
rand1654.txt	0.530	7	multiple
rand1655.txt	1.242	14	multiple
rand1656.txt	4.065	13	multiple
rand1657.txt	1.342	10	multiple
rand1658.txt	2.124	3	multiple
rand1659.txt	5.030	12	multiple
rand1660.txt	2.138	3	multiple
rand1661.txt	2.112	14	multiple
rand1662.txt	7.792	123	multiple
rand1663.txt	4.314	18	multiple
rand1664.txt	3.390	8	multiple
rand1665.txt	0.532	7	multiple
rand1666.txt	1.673	10	multiple
rand1667.txt	14.481	182	multiple
rand1668.txt	1.104	3	multiple
rand1669.txt	1.149	7	multiple
rand1670.txt	0.415	12	multiple
rand1671.txt	1.972	7	multiple
rand1672.txt	4.614	5	multiple
rand1673.txt	9.123	360	multiple
rand1674.txt	0.962	11	multiple
rand1675.txt	2.259	9	multiple
rand1676.txt	2.298	12	multiple
rand1677.txt	1.661	14	multiple
rand1678.txt	0.574	9	multiple
rand1679.txt	2.395	11	multiple
rand1680.txt	2.634	8	multiple
rand1681.txt	6.312	4	multiple
rand1682.txt	2.310	7	multiple
rand1683.txt	2.231	12	multiple
rand1684.txt	1.264	3	multiple
rand1685.txt	4.281	10	multiple
rand1686.txt	28.994	496	multiple
rand1687.txt	1.973	18	multiple
rand1688.txt	0.663	11	multiple
rand1689.txt	1.928	1	unique
rand1690.txt	0.767	10	multiple
rand1691.txt	6.641	10	multiple
rand1692.txt	15.766	43	multiple
rand1693.txt	0.823	17	multiple
rand1694.txt	0.370	4	multiple
rand1695.txt	0.307	3	multiple
rand1696.txt	0.392	11	multiple
rand1697.txt	0.939	12	multiple
rand1698.txt	1.799	10	multiple
rand1699.txt	1.903	16	multiple
rand1700.txt	9.806	33	multiple
rand1701.txt	5.028	20	multiple
rand1702.txt	2.757	11	multiple
rand1703.txt	1.454	15	multiple
rand1704.txt	0.918	15	multiple
rand1705.txt	2.090	8	multiple
rand1706.txt	0.742	11	multiple
rand1707.txt	3.707	7	multiple
rand1708.txt	2.185	8	multiple
rand1709.txt	3.194	16	multiple
rand1710.txt	14.917	324	multiple
rand1711.txt	0.398	7	multiple
rand1712.txt	0.259	10	multiple
rand1713.txt	0.397	3	multiple
rand1714.txt	1.106	10	multiple
rand1715.txt	2.541	14	multiple
rand1716.txt	2.613	18	multiple
rand1717.txt	4.018	8	multiple
rand1718.txt	1.328	12	multiple
rand1719.txt	0.642	10	multiple
rand1720.txt	1.620	3	multiple
rand1721.txt	0.299	11	multiple
rand1722.txt	5.944	23	multiple
rand1723.txt	1.073	10	multiple
rand1724.txt	2.218	13	multiple
rand1725.txt	7.365	16	multiple
rand1726.txt	1.829	3	multiple
rand1727.txt	5.609	14	multiple
rand1728.txt	1.568	14	multiple
rand1729.txt	0.585	6	multiple
rand1730.txt	0.499	7	multiple
rand1731.txt	2.739	16	multiple
rand1732.txt	2.898	12	multiple
rand1733.txt	8.007	17	multiple
rand1734.txt	0.516	10	multiple
rand1735.txt	1.671	16	multiple
rand1736.txt	7.389	17	multiple
rand1737.txt	7.325	180	multiple
rand1738.txt	0.991	9	multiple
rand1739.txt	1.226	1	unique
rand1740.txt	0.956	10	multiple
rand1741.txt	5.369	113	multiple
rand1742.txt	3.009	9	multiple
rand1743.txt	1.907	7	multiple
rand1744.txt	2.129	8	multiple
rand1745.txt	2.424	12	multiple
rand1746.txt	13.145	51	multiple
rand1747.txt	2.071	8	multiple
rand1748.txt	0.746	10	multiple
rand1749.txt	1.744	19	multiple
rand1750.txt	1.702	6	multiple
rand1751.txt	1.839	16	multiple
rand1752.txt	0.382	5	multiple
rand1753.txt	1.553	11	multiple
rand1754.txt	2.907	11	multiple
rand1755.txt	0.403	13	multiple
rand1756.txt	0.363	7	multiple
rand1757.txt	0.803	1	unique
rand1758.txt	1.004	21	multiple
rand1759.txt	4.835	16	multiple
rand1760.txt	0.436	4	multiple
rand1761.txt	0.280	8	multiple
rand1762.txt	1.658	10	multiple
rand1763.txt	8.949	160	multiple
rand1764.txt	6.293	8	multiple
rand1765.txt	0.581	8	multiple
rand1766.txt	2.951	51	multiple
rand1767.txt	11.925	43	multiple
rand1768.txt	10.508	58	multiple
rand1769.txt	0.555	9	multiple
rand1770.txt	3.092	10	multiple
rand1771.txt	0.763	9	multiple
rand1772.txt	2.134	7	multiple
rand1773.txt	0.475	11	multiple
rand1774.txt	1.615	10	multiple
rand1775.txt	1.971	16	multiple
rand1776.txt	0.841	8	multiple
rand1777.txt	3.575	15	multiple
rand1778.txt	2.167	5	multiple
rand1779.txt	2.005	8	multiple
rand1780.txt	6.578	23	multiple
rand1781.txt	1.265	9	multiple
rand1782.txt	2.320	4	multiple
rand1783.txt	3.634	10	multiple
rand1784.txt	3.950	12	multiple
rand1785.txt	6.439	12	multiple
rand1786.txt	11.291	49	multiple
rand1787.txt	0.641	13	multiple
rand1788.txt	0.670	10	multiple
rand1789.txt	1.161	10	multiple
rand1790.txt	1.333	13	multiple
rand1791.txt	2.949	55	multiple
rand1792.txt	0.631	9	multiple
rand1793.txt	1.577	4	multiple
rand1794.txt	2.389	11	multiple
rand1795.txt	0.779	1	unique
rand1796.txt	2.750	3	multiple
rand1797.txt	1.551	11	multiple
rand1798.txt	3.235	7	multiple
rand1799.txt	0.413	10	multiple
rand1800.txt	3.807	15	multiple
rand1801.txt	1.631	13	multiple
rand1802.txt	3.595	13	multiple
rand1803.txt	5.079	5	multiple
rand1804.txt	16.303	23	multiple
rand1805.txt	0.423	7	multiple
rand1806.txt	4.852	54	multiple
rand1807.txt	0.702	13	multiple
rand1808.txt	0.853	7	multiple
rand1809.txt	0.871	6	multiple
rand1810.txt	0.357	5	multiple
rand1811.txt	0.240	3	multiple
rand1812.txt	1.107	12	multiple
rand1813.txt	3.271	4	multiple
rand1814.txt	0.652	5	multiple
rand1815.txt	8.684	16	multiple
rand1816.txt	7.746	12	multiple
rand1817.txt	2.142	10	multiple
rand1818.txt	1.044	8	multiple
rand1819.txt	4.791	10	multiple
rand1820.txt	8.706	11	multiple
rand1821.txt	0.944	5	multiple
rand1822.txt	2.315	8	multiple
rand1823.txt	0.923	10	multiple
rand1824.txt	3.288	9	multiple
rand1825.txt	16.050	128	multiple
rand1826.txt	11.222	63	multiple
rand1827.txt	0.917	13	multiple
rand1828.txt	4.538	15	multiple
rand1829.txt	1.527	13	multiple
rand1830.txt	4.335	9	multiple
rand1831.txt	1.726	28	multiple
rand1832.txt	2.189	7	multiple
rand1833.txt	1.420	11	multiple
rand1834.txt	0.657	21	multiple
rand1835.txt	6.229	18	multiple
rand1836.txt	0.361	3	multiple
rand1837.txt	6.243	16	multiple
rand1838.txt	3.199	16	multiple
rand1839.txt	0.434	4	multiple
rand1840.txt	0.453	12	multiple
rand1841.txt	4.081	11	multiple
rand1842.txt	2.611	9	multiple
rand1843.txt	18.746	65	multiple
rand1844.txt	1.361	16	multiple
rand1845.txt	0.337	3	multiple
rand1846.txt	0.446	12	multiple
rand1847.txt	1.897	9	multiple
rand1848.txt	9.186	120	multiple
rand1849.txt	0.555	14	multiple
rand1850.txt	7.477	271	multiple
rand1851.txt	0.470	11	multiple
rand1852.txt	0.331	8	multiple
rand1853.txt	4.494	17	multiple
rand1854.txt	1.528	15	multiple
rand1855.txt	1.621	8	multiple
rand1856.txt	2.242	22	multiple
rand1857.txt	0.316	4	multiple
rand1858.txt	1.762	4	multiple
rand1859.txt	1.592	10	multiple
rand1860.txt	0.613	18	multiple
rand1861.txt	0.642	10	multiple
rand1862.txt	1.618	11	multiple
rand1863.txt	5.672	11	multiple
rand1864.txt	1.822	1	unique
rand1865.txt	2.935	8	multiple
rand1866.txt	7.995	10	multiple
rand1867.txt	2.844	7	multiple
rand1868.txt	3.167	11	multiple
rand1869.txt	3.117	4	multiple
rand1870.txt	4.023	15	multiple
rand1871.txt	2.010	11	multiple
rand1872.txt	11.548	18	multiple
rand1873.txt	2.472	11	multiple
rand1874.txt	16.170	118	multiple
rand1875.txt	2.240	9	multiple
rand1876.txt	0.239	8	multiple
rand1877.txt	3.786	11	multiple
rand1878.txt	3.290	11	multiple
rand1879.txt	8.318	14	multiple
rand1880.txt	3.703	8	multiple
rand1881.txt	3.155	5	multiple
rand1882.txt	1.125	9	multiple
rand1883.txt	4.340	14	multiple
rand1884.txt	2.415	17	multiple
rand1885.txt	3.103	11	multiple
rand1886.txt	3.491	9	multiple
rand1887.txt	0.955	1	unique
rand1888.txt	1.497	19	multiple
rand1889.txt	2.172	8	multiple
rand1890.txt	1.659	3	multiple
rand1891.txt	3.932	17	multiple
rand1892.txt	1.583	12	multiple
rand1893.txt	1.772	5	multiple
rand1894.txt	1.102	8	multiple
rand1895.txt	0.863	7	multiple
rand1896.txt	0.580	6	multiple
rand1897.txt	4.389	3	multiple
rand1898.txt	11.547	20	multiple
rand1899.txt	3.550	9	multiple
rand1900.txt	7.273	13	multiple
rand1901.txt	1.520	8	multiple
rand1902.txt	1.197	3	multiple
rand1903.txt	2.556	18	multiple
rand1904.txt	1.614	10	multiple
rand1905.txt	1.547	7	multiple
rand1906.txt	5.353	9	multiple
rand1907.txt	4.919	80	multiple
rand1908.txt	1.450	15	multiple
rand1909.txt	9.309	7	multiple
rand1910.txt	0.759	15	multiple
rand1911.txt	0.605	10	multiple
rand1912.txt	0.251	3	multiple
rand1913.txt	5.488	20	multiple
rand1914.txt	1.235	11	multiple
rand1915.txt	0.534	8	multiple
rand1916.txt	0.298	10	multiple
rand1917.txt	0.643	7	multiple
rand1918.txt	1.076	12	multiple
rand1919.txt	20.052	33	multiple
rand1920.txt	4.139	12	multiple
rand1921.txt	7.488	71	multiple
rand1922.txt	2.071	19	multiple
rand1923.txt	1.247	6	multiple
rand1924.txt	5.488	11	multiple
rand1925.txt	3.632	9	multiple
rand1926.txt	7.381	11	multiple
rand1927.txt	0.295	3	multiple
rand1928.txt	1.623	14	multiple
rand1929.txt	2.057	10	multiple
rand1930.txt	1.008	10	multiple
rand1931.txt	4.106	21	multiple
rand1932.txt	2.727	7	multiple
rand1933.txt	16.015	77	multiple
rand1934.txt	13.809	266	multiple
rand1935.txt	1.020	12	multiple
rand1936.txt	0.833	9	multiple
rand1937.txt	0.676	7	multiple
rand1938.txt	1.397	7	multiple
rand1939.txt	1.022	20	multiple
rand1940.txt	1.251	4	multiple
rand1941.txt	0.604	16	multiple
rand1942.txt	0.477	14	multiple
rand1943.txt	2.343	12	multiple
rand1944.txt	0.687	13	multiple
rand1945.txt	0.926	20	multiple
rand1946.txt	7.288	9	multiple
rand1947.txt	2.936	19	multiple
rand1948.txt	3.328	11	multiple
rand1949.txt	3.053	20	multiple
rand1950.txt	2.244	9	multiple
rand1951.txt	3.975	16	multiple
rand1952.txt	10.827	167	multiple
rand1953.txt	0.829	9	multiple
rand1954.txt	2.699	14	multiple
rand1955.txt	3.393	19	multiple
rand1956.txt	0.462	5	multiple
rand1957.txt	3.309	1	unique
rand1958.txt	0.942	11	multiple
rand1959.txt	14.301	43	multiple
rand1960.txt	2.485	9	multiple
rand1961.txt	1.279	8	multiple
rand1962.txt	1.300	3	multiple
rand1963.txt	15.477	461	multiple
rand1964.txt	0.382	12	multiple
rand1965.txt	0.248	3	multiple
rand1966.txt	1.075	13	multiple
rand1967.txt	0.693	13	multiple
rand1968.txt	0.625	15	multiple
rand1969.txt	1.022	9	multiple
rand1970.txt	8.147	19	multiple
rand1971.txt	20.533	1034	multiple
rand1972.txt	1.255	3	multiple
rand1973.txt	5.069	19	multiple
rand1974.txt	1.688	14	multiple
rand1975.txt	0.588	3	multiple
rand1976.txt	1.760	11	multiple
rand1977.txt	1.852	10	multiple
rand1978.txt	0.452	4	multiple
rand1979.txt	2.383	9	multiple
rand1980.txt	1.265	13	multiple
rand1981.txt	2.375	16	multiple
rand1982.txt	10.222	16	multiple
rand1983.txt	6.041	84	multiple
rand1984.txt	0.463	11	multiple
rand1985.txt	1.002	10	multiple
rand1986.txt	0.159	3	multiple
rand1987.txt	5.412	16	multiple
rand1988.txt	1.672	13	multiple
rand1989.txt	1.215	17	multiple
rand1990.txt	3.206	11	multiple
rand1991.txt	1.023	9	multiple
rand1992.txt	5.493	14	multiple
rand1993.txt	0.673	4	multiple
rand1994.txt	2.846	10	multiple
rand1995.txt	0.661	12	multiple
rand1996.txt	1.624	11	multiple
rand1997.txt	9.081	16	multiple
rand1998.txt	4.183	18	multiple
rand1999.txt	3.545	15	multiple
rand2000.txt	2.198	17	multiple
rand2001.txt	2.630	7	multiple
rand2002.txt	2.633	13	multiple
rand2003.txt	1.636	10	multiple
rand2004.txt	3.246	9	multiple
rand2005.txt	2.060	8	multiple
rand2006.txt	9.670	410	multiple
rand2007.txt	1.394	14	multiple
rand2008.txt	0.463	8	multiple
rand2009.txt	6.883	16	multiple
rand2010.txt	0.646	5	multiple
rand2011.txt	1.021	8	multiple
rand2012.txt	3.943	7	multiple
rand2013.txt	2.931	9	multiple
rand2014.txt	0.612	8	multiple
rand2015.txt	4.258	10	multiple
rand2016.txt	1.917	11	multiple
rand2017.txt	0.777	6	multiple
rand2018.txt	3.520	23	multiple
rand2019.txt	0.840	5	multiple
rand2020.txt	1.227	19	multiple
rand2021.txt	11.609	18	multiple
rand2022.txt	1.167	13	multiple
rand2023.txt	1.358	15	multiple
rand2024.txt	3.091	10	multiple
rand2025.txt	0.626	4	multiple
rand2026.txt	1.471	4	multiple
rand2027.txt	2.405	7	multiple
rand2028.txt	1.045	14	multiple
rand2029.txt	3.835	11	multiple
rand2030.txt	2.784	11	multiple
rand2031.txt	1.224	10	multiple
rand2032.txt	3.942	19	multiple
rand2033.txt	11.378	18	multiple
rand2034.txt	2.871	15	multiple
rand2035.txt	0.388	5	multiple
rand2036.txt	0.809	18	multiple
rand2037.txt	23.757	153	multiple
rand2038.txt	2.359	11	multiple
rand2039.txt	1.769	9	multiple
rand2040.txt	2.228	9	multiple
rand2041.txt	1.303	3	multiple
rand2042.txt	3.846	19	multiple
rand2043.txt	1.490	17	multiple
rand2044.txt	7.181	70	multiple
rand2045.txt	0.441	7	multiple
rand2046.txt	7.637	11	multiple
rand2047.txt	1.855	11	multiple
rand2048.txt	2.446	34	multiple
rand2049.txt	1.905	4	multiple
rand2050.txt	1.502	9	multiple
rand2051.txt	0.238	5	multiple
rand2052.txt	1.400	12	multiple
rand2053.txt	1.222	11	multiple
rand2054.txt	1.514	3	multiple
rand2055.txt	2.429	6	multiple
rand2056.txt	3.792	14	multiple
rand2057.txt	14.106	291	multiple
rand2058.txt	8.789	14	multiple
rand2059.txt	4.235	13	multiple
rand2060.txt	0.461	7	multiple
rand2061.txt	0.626	6	multiple
rand2062.txt	8.385	28	multiple
rand2063.txt	3.922	18	multiple
rand2064.txt	0.225	4	multiple
rand2065.txt	5.270	11	multiple
rand2066.txt	1.714	13	multiple
rand2067.txt	6.719	16	multiple
rand2068.txt	0.921	5	multiple
rand2069.txt	0.838	8	multiple
rand2070.txt	3.281	15	multiple
rand2071.txt	1.614	16	multiple
rand2072.txt	0.495	3	multiple
rand2073.txt	2.266	6	multiple
rand2074.txt	0.673	3	multiple
rand2075.txt	1.453	18	multiple
rand2076.txt	6.734	16	multiple
rand2077.txt	4.574	17	multiple
rand2078.txt	1.669	16	multiple
rand2079.txt	2.282	10	multiple
rand2080.txt	1.281	9	multiple
rand2081.txt	1.039	3	multiple
rand2082.txt	3.035	11	multiple
rand2083.txt	3.643	9	multiple
rand2084.txt	1.452	12	multiple
rand2085.txt	3.188	8	multiple
rand2086.txt	1.111	7	multiple
rand2087.txt	6.923	4	multiple
rand2088.txt	0.530	10	multiple
rand2089.txt	3.877	10	multiple
rand2090.txt	1.442	5	multiple
rand2091.txt	28.218	257	multiple
rand2092.txt	5.205	16	multiple
rand2093.txt	0.609	3	multiple
rand2094.txt	3.145	7	multiple
rand2095.txt	17.816	419	multiple
rand2096.txt	2.056	6	multiple
rand2097.txt	8.070	14	multiple
rand2098.txt	0.540	3	multiple
rand2099.txt	0.892	7	multiple
rand2100.txt	2.346	16	multiple
rand2101.txt	2.125	17	multiple
rand2102.txt	0.862	11	multiple
rand2103.txt	3.074	3	multiple
rand2104.txt	0.158	0	unique
rand2105.txt	17.254	48	multiple
rand2106.txt	0.728	9	multiple
rand2107.txt	5.847	13	multiple
rand2108.txt	3.869	20	multiple
rand2109.txt	0.658	5	multiple
rand2110.txt	1.685	14	multiple
rand2111.txt	0.859	10	multiple
rand2112.txt	1.561	4	multiple
rand2113.txt	1.787	10	multiple
rand2114.txt	14.670	46	multiple
rand2115.txt	7.778	38	multiple
rand2116.txt	1.010	14	multiple
rand2117.txt	0.644	9	multiple
rand2118.txt	0.807	9	multiple
rand2119.txt	0.754	7	multiple
rand2120.txt	1.555	6	multiple
rand2121.txt	2.456	8	multiple
rand2122.txt	3.197	3	multiple
rand2123.txt	6.195	8	multiple
rand2124.txt	2.250	9	multiple
rand2125.txt	7.448	24	multiple
rand2126.txt	2.708	15	multiple
rand2127.txt	4.688	18	multiple
rand2128.txt	0.565	5	multiple
rand2129.txt	8.297	19	multiple
rand2130.txt	2.544	11	multiple
rand2131.txt	2.677	15	multiple
rand2132.txt	0.818	3	multiple
rand2133.txt	2.408	3	multiple
rand2134.txt	3.488	4	multiple
rand2135.txt	8.212	14	multiple
rand2136.txt	0.900	4	multiple
rand2137.txt	0.693	12	multiple
rand2138.txt	2.257	10	multiple
rand2139.txt	0.745	3	multiple
rand2140.txt	2.748	13	multiple
rand2141.txt	2.120	24	multiple
rand2142.txt	3.133	11	multiple
rand2143.txt	3.253	3	multiple
rand2144.txt	0.493	8	multiple
rand2145.txt	8.195	22	multiple
rand2146.txt	0.476	7	multiple
rand2147.txt	1.702	11	multiple
rand2148.txt	0.558	14	multiple
rand2149.txt	1.061	14	multiple
rand2150.txt	7.215	5	multiple
rand2151.txt	1.790	3	multiple
rand2152.txt	9.679	28	multiple
rand2153.txt	0.706	16	multiple
rand2154.txt	2.582	17	multiple
rand2155.txt	4.501	14	multiple
rand2156.txt	3.280	7	multiple
rand2157.txt	3.273	5	multiple
rand2158.txt	3.238	11	multiple
rand2159.txt	5.746	14	multiple
rand2160.txt	1.109	14	multiple
rand2161.txt	7.286	8	multiple
rand2162.txt	9.437	147	multiple
rand2163.txt	1.789	8	multiple
rand2164.txt	0.369	8	multiple
rand2165.txt	0.210	0	unique
rand2166.txt	1.595	10	multiple
rand2167.txt	2.008	9	multiple
rand2168.txt	55.351	403	multiple
rand2169.txt	1.168	17	multiple
rand2170.txt	1.609	3	multiple
rand2171.txt	3.761	10	multiple
rand2172.txt	3.383	10	multiple
rand2173.txt	0.572	9	multiple
rand2174.txt	0.669	7	multiple
rand2175.txt	0.671	3	multiple
rand2176.txt	0.449	7	multiple
rand2177.txt	22.327	25	multiple
rand2178.txt	1.971	5	multiple
rand2179.txt	0.679	6	multiple
rand2180.txt	6.611	21	multiple
rand2181.txt	0.104	0	unique
rand2182.txt	5.483	10	multiple
rand2183.txt	3.392	11	multiple
rand2184.txt	1.088	23	multiple
rand2185.txt	6.254	11	multiple
rand2186.txt	0.586	10	multiple
rand2187.txt	0.465	4	multiple
rand2188.txt	3.336	13	multiple
rand2189.txt	4.125	12	multiple
rand2190.txt	3.705	1	unique
rand2191.txt	6.784	21	multiple
rand2192.txt	3.535	8	multiple
rand2193.txt	0.795	3	multiple
rand2194.txt	1.216	8	multiple
rand2195.txt	10.144	12	multiple
rand2196.txt	17.636	82	multiple
rand2197.txt	13.599	15	multiple
rand2198.txt	0.566	8	multiple
rand2199.txt	0.365	9	multiple
rand2200.txt	2.575	8	multiple
rand2201.txt	1.209	10	multiple
rand2202.txt	1.684	5	multiple
rand2203.txt	22.227	267	multiple
rand2204.txt	3.277	10	multiple
rand2205.txt	0.803	3	multiple
rand2206.txt	1.644	10	multiple
rand2207.txt	2.370	4	multiple
rand2208.txt	1.239	15	multiple
rand2209.txt	4.612	8	multiple
rand2210.txt	8.523	19	multiple
rand2211.txt	5.402	23	multiple
rand2212.txt	6.152	14	multiple
rand2213.txt	2.677	5	multiple
rand2214.txt	3.181	12	multiple
rand2215.txt	0.957	1	unique
rand2216.txt	3.957	5	multiple
rand2217.txt	0.494	3	multiple
rand2218.txt	0.396	3	multiple
rand2219.txt	3.119	1	unique
rand2220.txt	3.637	16	multiple
rand2221.txt	0.469	13	multiple
rand2222.txt	1.711	10	multiple
rand2223.txt	2.329	12	multiple
rand2224.txt	3.399	12	multiple
rand2225.txt	10.448	13	multiple
rand2226.txt	0.816	8	multiple
rand2227.txt	4.100	13	multiple
rand2228.txt	2.169	11	multiple
rand2229.txt	28.646	680	multiple
rand2230.txt	3.573	13	multiple
rand2231.txt	1.078	7	multiple
rand2232.txt	6.162	18	multiple
rand2233.txt	2.789	1	unique
rand2234.txt	2.100	8	multiple
rand2235.txt	2.406	8	multiple
rand2236.txt	2.182	12	multiple
rand2237.txt	6.477	11	multiple
rand2238.txt	1.421	8	multiple
rand2239.txt	4.305	9	multiple
rand2240.txt	11.149	7	multiple
rand2241.txt	10.525	11	multiple
rand2242.txt	2.661	11	multiple
rand2243.txt	0.811	11	multiple
rand2244.txt	1.389	9	multiple
rand2245.txt	3.586	7	multiple
rand2246.txt	1.670	9	multiple
rand2247.txt	7.949	11	multiple
rand2248.txt	6.932	15	multiple
rand2249.txt	27.342	366	multiple
rand2250.txt	1.604	15	multiple
rand2251.txt	2.310	12	multiple
rand2252.txt	22.678	28	multiple
rand2253.txt	1.951	12	multiple
rand2254.txt	3.296	12	multiple
rand2255.txt	2.312	4	multiple
rand2256.txt	4.131	7	multiple
rand2257.txt	1.763	8	multiple
rand2258.txt	9.216	16	multiple
rand2259.txt	2.004	11	multiple
rand2260.txt	0.902	9	multiple
rand2261.txt	2.199	12	multiple
rand2262.txt	0.713	10	multiple
rand2263.txt	1.014	7	multiple
rand2264.txt	9.762	8	multiple
rand2265.txt	8.862	27	multiple
rand2266.txt	1.154	12	multiple
rand2267.txt	5.005	17	multiple
rand2268.txt	11.492	7	multiple
rand2269.txt	7.179	17	multiple
rand2270.txt	1.463	18	multiple
rand2271.txt	2.513	7	multiple
rand2272.txt	6.013	12	multiple
rand2273.txt	9.375	13	multiple
rand2274.txt	0.424	5	multiple
rand2275.txt	6.088	51	multiple
rand2276.txt	0.868	3	multiple
rand2277.txt	1.019	7	multiple
rand2278.txt	4.284	13	multiple
rand2279.txt	10.550	19	multiple
rand2280.txt	3.169	4	multiple
rand2281.txt	15.520	23	multiple
rand2282.txt	4.994	18	multiple
rand2283.txt	1.684	3	multiple
rand2284.txt	0.692	8	multiple
rand2285.txt	13.696	22	multiple
rand2286.txt	7.167	20	multiple
rand2287.txt	1.290	8	multiple
rand2288.txt	5.512	23	multiple
rand2289.txt	1.587	7	multiple
rand2290.txt	4.735	7	multiple
rand2291.txt	5.145	13	multiple
rand2292.txt	7.573	15	multiple
rand2293.txt	7.586	11	multiple
rand2294.txt	3.436	8	multiple
rand2295.txt	2.475	12	multiple
rand2296.txt	5.027	15	multiple
rand2297.txt	1.701	3	multiple
rand2298.txt	1.190	8	multiple
rand2299.txt	2.176	13	multiple
rand2300.txt	2.040	15	multiple
rand2301.txt	3.489	12	multiple
rand2302.txt	2.510	7	multiple
rand2303.txt	18.714	11	multiple
rand2304.txt	5.165	13	multiple
rand2305.txt	1.767	9	multiple
rand2306.txt	2.340	8	multiple
rand2307.txt	1.114	3	multiple
rand2308.txt	13.205	13	multiple
rand2309.txt	2.082	7	multiple
rand2310.txt	6.847	16	multiple
rand2311.txt	5.704	5	multiple
rand2312.txt	4.945	14	multiple
rand2313.txt	5.200	8	multiple
rand2314.txt	2.469	18	multiple
rand2315.txt	2.800	14	multiple
rand2316.txt	4.583	10	multiple
rand2317.txt	3.029	12	multiple
rand2318.txt	5.290	10	multiple
rand2319.txt	6.537	15	multiple
rand2320.txt	23.123	372	multiple
rand2321.txt	2.927	14	multiple
rand2322.txt	0.467	7	multiple
rand2323.txt	3.055	1	unique
rand2324.txt	3.394	3	multiple
rand2325.txt	1.390	3	multiple
rand2326.txt	4.499	10	multiple
rand2327.txt	2.002	10	multiple
rand2328.txt	4.794	14	multiple
rand2329.txt	5.761	14	multiple
rand2330.txt	32.456	731	multiple
rand2331.txt	1.554	7	multiple
rand2332.txt	5.267	9	multiple
rand2333.txt	7.699	14	multiple
rand2334.txt	0.486	13	multiple
rand2335.txt	11.417	27	multiple
rand2336.txt	1.875	10	multiple
rand2337.txt	0.724	1	unique
rand2338.txt	20.312	53	multiple
rand2339.txt	1.167	24	multiple
rand2340.txt	6.747	21	multiple
rand2341.txt	1.385	13	multiple
rand2342.txt	3.677	6	multiple
rand2343.txt	8.244	18	multiple
rand2344.txt	0.607	3	multiple
rand2345.txt	2.071	11	multiple
rand2346.txt	0.694	5	multiple
rand2347.txt	1.593	9	multiple
rand2348.txt	9.164	110	multiple
rand2349.txt	3.718	17	multiple
rand2350.txt	4.706	11	multiple
rand2351.txt	7.169	13	multiple
rand2352.txt	6.871	13	multiple
rand2353.txt	1.745	8	multiple
rand2354.txt	3.621	6	multiple
rand2355.txt	5.588	9	multiple
rand2356.txt	1.737	17	multiple
rand2357.txt	2.514	8	multiple
rand2358.txt	1.818	10	multiple
rand2359.txt	2.027	11	multiple
rand2360.txt	1.967	5	multiple
rand2361.txt	7.273	16	multiple
rand2362.txt	0.899	13	multiple
rand2363.txt	9.899	21	multiple
rand2364.txt	1.981	9	multiple
rand2365.txt	5.468	8	multiple
rand2366.txt	1.596	13	multiple
rand2367.txt	3.758	4	multiple
rand2368.txt	1.685	7	multiple
rand2369.txt	2.215	7	multiple
rand2370.txt	2.204	12	multiple
rand2371.txt	1.816	13	multiple
rand2372.txt	2.103	8	multiple
rand2373.txt	4.167	10	multiple
rand2374.txt	9.868	13	multiple
rand2375.txt	2.720	7	multiple
rand2376.txt	1.734	1	unique
rand2377.txt	11.027	21	multiple
rand2378.txt	2.420	5	multiple
rand2379.txt	6.491	9	multiple
rand2380.txt	2.965	18	multiple
rand2381.txt	0.445	7	multiple
rand2382.txt	0.988	5	multiple
rand2383.txt	1.583	11	multiple
rand2384.txt	0.782	12	multiple
rand2385.txt	11.340	18	multiple
rand2386.txt	0.568	7	multiple
rand2387.txt	8.324	11	multiple
rand2388.txt	17.039	60	multiple
rand2389.txt	0.631	3	multiple
rand2390.txt	0.365	1	unique
rand2391.txt	0.728	4	multiple
rand2392.txt	6.824	8	multiple
rand2393.txt	1.427	8	multiple
rand2394.txt	5.763	10	multiple
rand2395.txt	2.047	21	multiple
rand2396.txt	9.166	17	multiple
rand2397.txt	1.544	11	multiple
rand2398.txt	3.931	10	multiple
rand2399.txt	0.564	3	multiple
rand2400.txt	0.916	10	multiple
rand2401.txt	41.733	155	multiple
rand2402.txt	6.522	40	multiple
rand2403.txt	0.916	11	multiple
rand2404.txt	0.695	7	multiple
rand2405.txt	4.342	10	multiple
rand2406.txt	2.216	9	multiple
rand2407.txt	0.521	4	multiple
rand2408.txt	2.575	5	multiple
rand2409.txt	2.401	20	multiple
rand2410.txt	115.759	564	multiple
rand2411.txt	2.466	4	multiple
rand2412.txt	1.935	4	multiple
rand2413.txt	2.142	6	multiple
rand2414.txt	20.424	25	multiple
rand2415.txt	14.225	37	multiple
rand2416.txt	7.087	15	multiple
rand2417.txt	1.685	12	multiple
rand2418.txt	0.266	3	multiple
rand2419.txt	0.425	7	multiple
rand2420.txt	4.303	13	multiple
rand2421.txt	1.886	12	multiple
rand2422.txt	1.442	11	multiple
rand2423.txt	4.358	3	multiple
rand2424.txt	2.807	2	multiple
rand2425.txt	2.367	8	multiple
rand2426.txt	2.830	8	multiple
rand2427.txt	1.703	11	multiple
rand2428.txt	7.722	14	multiple
rand2429.txt	0.314	4	multiple
rand2430.txt	0.584	10	multiple
rand2431.txt	1.039	3	multiple
rand2432.txt	23.816	176	multiple
rand2433.txt	2.235	9	multiple
rand2434.txt	1.099	7	multiple
rand2435.txt	3.292	11	multiple
rand2436.txt	0.930	3	multiple
rand2437.txt	6.598	8	multiple
rand2438.txt	1.447	11	multiple
rand2439.txt	5.196	6	multiple
rand2440.txt	4.589	11	multiple
rand2441.txt	4.043	10	multiple
rand2442.txt	5.574	7	multiple
rand2443.txt	5.142	5	multiple
rand2444.txt	9.063	11	multiple
rand2445.txt	1.487	1	unique
rand2446.txt	9.655	8	multiple
rand2447.txt	1.733	9	multiple
rand2448.txt	2.782	7	multiple
rand2449.txt	9.666	8	multiple
rand2450.txt	3.690	15	multiple
rand2451.txt	4.141	10	multiple
rand2452.txt	2.697	9	multiple
rand2453.txt	1.861	8	multiple
rand2454.txt	1.941	3	multiple
rand2455.txt	6.587	15	multiple
rand2456.txt	9.882	14	multiple
rand2457.txt	9.248	11	multiple
rand2458.txt	4.117	16	multiple
rand2459.txt	2.610	15	multiple
rand2460.txt	1.933	10	multiple
rand2461.txt	7.305	19	multiple
rand2462.txt	1.694	13	multiple
rand2463.txt	33.118	107	multiple
rand2464.txt	1.100	13	multiple
rand2465.txt	7.314	9	multiple
rand2466.txt	7.322	132	multiple
rand2467.txt	2.199	8	multiple
rand2468.txt	2.378	12	multiple
rand2469.txt	0.925	10	multiple
rand2470.txt	5.357	9	multiple
rand2471.txt	1.905	3	multiple
rand2472.txt	41.205	113	multiple
rand2473.txt	2.920	5	multiple
rand2474.txt	5.136	142	multiple
rand2475.txt	1.596	10	multiple
rand2476.txt	8.032	19	multiple
rand2477.txt	0.755	1	unique
rand2478.txt	14.012	17	multiple
rand2479.txt	7.217	12	multiple
rand2480.txt	5.687	130	multiple
rand2481.txt	0.369	11	multiple
rand2482.txt	0.467	8	multiple
rand2483.txt	0.964	9	multiple
rand2484.txt	5.767	10	multiple
rand2485.txt	10.868	171	multiple
rand2486.txt	4.299	10	multiple
rand2487.txt	6.634	14	multiple
rand2488.txt	1.243	11	multiple
rand2489.txt	7.825	51	multiple
rand2490.txt	6.003	9	multiple
rand2491.txt	10.414	21	multiple
rand2492.txt	3.716	10	multiple
rand2493.txt	3.017	14	multiple
rand2494.txt	3.061	11	multiple
rand2495.txt	10.554	29	multiple
rand2496.txt	1.569	14	multiple
rand2497.txt	13.373	166	multiple
rand2498.txt	5.600	9	multiple
rand2499.txt	4.047	20	multiple
rand2500.txt	21.102	268	multiple
rand2501.txt	1.039	10	multiple
rand2502.txt	3.493	23	multiple
rand2503.txt	1.115	7	multiple
rand2504.txt	3.921	17	multiple
rand2505.txt	1.684	19	multiple
rand2506.txt	2.147	3	multiple
rand2507.txt	1.239	14	multiple
rand2508.txt	6.987	11	multiple
rand2509.txt	3.135	10	multiple
rand2510.txt	1.883	7	multiple
rand2511.txt	1.148	11	multiple
rand2512.txt	0.380	3	multiple
rand2513.txt	1.494	10	multiple
rand2514.txt	31.382	29	multiple
rand2515.txt	11.133	317	multiple
rand2516.txt	1.939	3	multiple
rand2517.txt	2.403	14	multiple
rand2518.txt	5.857	13	multiple
rand2519.txt	1.150	1	unique
rand2520.txt	4.816	17	multiple
rand2521.txt	2.743	10	multiple
rand2522.txt	0.621	4	multiple
rand2523.txt	7.481	15	multiple
rand2524.txt	1.101	11	multiple
rand2525.txt	1.453	9	multiple
rand2526.txt	4.657	11	multiple
rand2527.txt	1.238	8	multiple
rand2528.txt	3.786	17	multiple
rand2529.txt	5.556	13	multiple
rand2530.txt	3.265	10	multiple
rand2531.txt	11.991	64	multiple
rand2532.txt	12.143	125	multiple
rand2533.txt	11.062	175	multiple
rand2534.txt	0.857	5	multiple
rand2535.txt	0.847	15	multiple
rand2536.txt	11.824	15	multiple
rand2537.txt	1.116	8	multiple
rand2538.txt	4.117	10	multiple
rand2539.txt	7.215	12	multiple
rand2540.txt	3.619	11	multiple
rand2541.txt	4.450	9	multiple
rand2542.txt	14.200	33	multiple
rand2543.txt	3.424	3	multiple
rand2544.txt	0.512	3	multiple
rand2545.txt	2.839	1	unique
rand2546.txt	16.280	60	multiple
rand2547.txt	1.388	10	multiple
rand2548.txt	197.642	5736	multiple
rand2549.txt	1.364	9	multiple
rand2550.txt	2.188	9	multiple
rand2551.txt	1.663	13	multiple
rand2552.txt	2.316	9	multiple
rand2553.txt	2.399	7	multiple
rand2554.txt	1.365	4	multiple
rand2555.txt	0.898	9	multiple
rand2556.txt	4.800	9	multiple
rand2557.txt	1.944	10	multiple
rand2558.txt	1.551	10	multiple
rand2559.txt	4.419	8	multiple
rand2560.txt	7.144	7	multiple
rand2561.txt	5.021	14	multiple
rand2562.txt	1.482	10	multiple
rand2563.txt	0.611	11	multiple
rand2564.txt	3.322	14	multiple
rand2565.txt	1.917	4	multiple
rand2566.txt	2.806	16	multiple
rand2567.txt	57.875	1697	multiple
rand2568.txt	69.719	333	multiple
rand2569.txt	4.632	13	multiple
rand2570.txt	8.916	99	multiple
rand2571.txt	6.683	4	multiple
rand2572.txt	1.041	10	multiple
rand2573.txt	26.120	810	multiple
rand2574.txt	0.536	8	multiple
rand2575.txt	1.024	1	unique
rand2576.txt	5.106	15	multiple
rand2577.txt	1.240	19	multiple
rand2578.txt	26.323	89	multiple
rand2579.txt	1.917	1	unique
rand2580.txt	2.381	1	unique
rand2581.txt	8.523	12	multiple
rand2582.txt	1.093	3	multiple
rand2583.txt	1.904	11	multiple
rand2584.txt	1.347	8	multiple
rand2585.txt	1.159	1	unique
rand2586.txt	7.922	11	multiple
rand2587.txt	2.211	12	multiple
rand2588.txt	3.961	12	multiple
rand2589.txt	0.596	15	multiple
rand2590.txt	1.455	15	multiple
rand2591.txt	1.145	12	multiple
rand2592.txt	6.703	9	multiple
rand2593.txt	0.824	10	multiple
rand2594.txt	4.154	13	multiple
rand2595.txt	1.228	5	multiple
rand2596.txt	9.337	14	multiple
rand2597.txt	1.535	15	multiple
rand2598.txt	6.550	10	multiple
rand2599.txt	7.124	11	multiple
rand2600.txt	0.583	7	multiple
rand2601.txt	7.681	10	multiple
rand2602.txt	19.132	16	multiple
rand2603.txt	3.575	10	multiple
rand2604.txt	2.918	41	multiple
rand2605.txt	2.210	7	multiple
rand2606.txt	0.780	11	multiple
rand2607.txt	0.564	8	multiple
rand2608.txt	10.311	12	multiple
rand2609.txt	0.619	1	unique
rand2610.txt	0.525	11	multiple
rand2611.txt	0.832	8	multiple
rand2612.txt	1.310	6	multiple
rand2613.txt	9.851	9	multiple
rand2614.txt	7.121	6	multiple
rand2615.txt	5.362	17	multiple
rand2616.txt	2.652	10	multiple
rand2617.txt	2.549	3	multiple
rand2618.txt	0.671	5	multiple
rand2619.txt	3.070	23	multiple
rand2620.txt	1.517	12	multiple
rand2621.txt	2.054	3	multiple
rand2622.txt	3.842	14	multiple
rand2623.txt	8.926	12	multiple
rand2624.txt	11.646	7	multiple
rand2625.txt	6.601	7	multiple
rand2626.txt	2.820	9	multiple
rand2627.txt	1.579	14	multiple
rand2628.txt	6.498	63	multiple
rand2629.txt	2.198	5	multiple
rand2630.txt	9.454	21	multiple
rand2631.txt	5.724	11	multiple
rand2632.txt	1.420	3	multiple
rand2633.txt	5.003	14	multiple
rand2634.txt	1.681	9	multiple
rand2635.txt	5.689	7	multiple
rand2636.txt	5.557	11	multiple
rand2637.txt	1.174	12	multiple
rand2638.txt	10.948	19	multiple
rand2639.txt	2.119	12	multiple
rand2640.txt	4.736	9	multiple
rand2641.txt	0.674	7	multiple
rand2642.txt	23.996	323	multiple
rand2643.txt	1.332	3	multiple
rand2644.txt	2.365	10	multiple
rand2645.txt	13.088	150	multiple
rand2646.txt	1.452	13	multiple
rand2647.txt	1.179	11	multiple
rand2648.txt	4.988	11	multiple
rand2649.txt	2.791	12	multiple
rand2650.txt	6.398	8	multiple
rand2651.txt	1.161	8	multiple
rand2652.txt	0.303	3	multiple
rand2653.txt	1.208	6	multiple
rand2654.txt	0.984	7	multiple
rand2655.txt	3.967	13	multiple
rand2656.txt	3.308	15	multiple
rand2657.txt	5.000	5	multiple
rand2658.txt	33.562	624	multiple
rand2659.txt	3.352	15	multiple
rand2660.txt	2.404	14	multiple
rand2661.txt	3.925	15	multiple
rand2662.txt	4.710	16	multiple
rand2663.txt	4.060	6	multiple
rand2664.txt	0.481	10	multiple
rand2665.txt	0.653	7	multiple
rand2666.txt	0.598	8	multiple
rand2667.txt	0.844	14	multiple
rand2668.txt	8.372	7	multiple
rand2669.txt	4.900	19	multiple
rand2670.txt	4.773	21	multiple
rand2671.txt	2.947	15	multiple
rand2672.txt	0.376	3	multiple
rand2673.txt	7.962	15	multiple
rand2674.txt	95.253	2640	multiple
rand2675.txt	3.090	11	multiple
rand2676.txt	0.964	4	multiple
rand2677.txt	1.686	11	multiple
rand2678.txt	0.384	14	multiple
rand2679.txt	6.698	13	multiple
rand2680.txt	2.583	12	multiple
rand2681.txt	9.446	12	multiple
rand2682.txt	0.854	9	multiple
rand2683.txt	1.792	7	multiple
rand2684.txt	3.977	7	multiple
rand2685.txt	7.122	17	multiple
rand2686.txt	5.691	5	multiple
rand2687.txt	10.353	10	multiple
rand2688.txt	2.730	4	multiple
rand2689.txt	4.462	10	multiple
rand2690.txt	1.580	12	multiple
rand2691.txt	0.897	10	multiple
rand2692.txt	1.827	7	multiple
rand2693.txt	6.106	7	multiple
rand2694.txt	1.926	16	multiple
rand2695.txt	6.411	81	multiple
rand2696.txt	12.466	15	multiple
rand2697.txt	0.845	12	multiple
rand2698.txt	2.826	4	multiple
rand2699.txt	37.267	114	multiple
rand2700.txt	6.047	9	multiple
rand2701.txt	0.804	22	multiple
rand2702.txt	0.678	11	multiple
rand2703.txt	1.245	16	multiple
rand2704.txt	0.519	13	multiple
rand2705.txt	15.153	14	multiple
rand2706.txt	111.125	1140	multiple
rand2707.txt	1.867	15	multiple
rand2708.txt	0.707	16	multiple
rand2709.txt	0.830	7	multiple
rand2710.txt	0.775	10	multiple
rand2711.txt	6.504	15	multiple
rand2712.txt	1.903	9	multiple
rand2713.txt	10.289	98	multiple
rand2714.txt	3.096	8	multiple
rand2715.txt	5.132	7	multiple
rand2716.txt	2.065	7	multiple
rand2717.txt	2.243	7	multiple
rand2718.txt	11.595	14	multiple
rand2719.txt	2.294	16	multiple
rand2720.txt	0.513	3	multiple
rand2721.txt	14.338	5	multiple
rand2722.txt	7.344	17	multiple
rand2723.txt	4.319	20	multiple
rand2724.txt	2.559	7	multiple
rand2725.txt	0.929	9	multiple
rand2726.txt	6.145	7	multiple
rand2727.txt	2.539	3	multiple
rand2728.txt	8.129	17	multiple
rand2729.txt	4.377	4	multiple
rand2730.txt	29.017	179	multiple
rand2731.txt	2.153	14	multiple
rand2732.txt	18.946	382	multiple
rand2733.txt	3.082	9	multiple
rand2734.txt	2.409	8	multiple
rand2735.txt	0.698	7	multiple
rand2736.txt	8.461	15	multiple
rand2737.txt	1.613	19	multiple
rand2738.txt	3.488	10	multiple
rand2739.txt	9.310	7	multiple
rand2740.txt	2.161	8	multiple
rand2741.txt	11.820	12	multiple
rand2742.txt	4.664	9	multiple
rand2743.txt	6.449	8	multiple
rand2744.txt	6.374	102	multiple
rand2745.txt	1.431	16	multiple
rand2746.txt	2.508	10	multiple
rand2747.txt	12.393	38	multiple
rand2748.txt	1.647	4	multiple
rand2749.txt	1.487	14	multiple
rand2750.txt	5.679	13	multiple
rand2751.txt	18.365	78	multiple
rand2752.txt	17.863	415	multiple
rand2753.txt	0.970	8	multiple
rand2754.txt	0.802	5	multiple
rand2755.txt	1.914	10	multiple
rand2756.txt	15.465	146	multiple
rand2757.txt	0.812	8	multiple
rand2758.txt	0.677	3	multiple
rand2759.txt	6.877	18	multiple
rand2760.txt	2.165	9	multiple
rand2761.txt	0.826	11	multiple
rand2762.txt	3.470	11	multiple
rand2763.txt	1.298	7	multiple
rand2764.txt	7.196	13	multiple
rand2765.txt	0.923	15	multiple
rand2766.txt	3.675	14	multiple
rand2767.txt	9.521	14	multiple
rand2768.txt	0.552	3	multiple
rand2769.txt	0.685	8	multiple
rand2770.txt	2.605	23	multiple
rand2771.txt	1.351	10	multiple
rand2772.txt	4.611	9	multiple
rand2773.txt	4.401	14	multiple
rand2774.txt	4.543	7	multiple
rand2775.txt	200.507	1907	multiple
rand2776.txt	6.215	20	multiple
rand2777.txt	1.087	1	unique
rand2778.txt	2.224	11	multiple
rand2779.txt	18.479	307	multiple
rand2780.txt	3.805	10	multiple
rand2781.txt	5.892	9	multiple
rand2782.txt	2.147	12	multiple
rand2783.txt	3.757	45	multiple
rand2784.txt	8.183	8	multiple
rand2785.txt	5.044	11	multiple
rand2786.txt	8.100	8	multiple
rand2787.txt	1.342	12	multiple
rand2788.txt	0.815	10	multiple
rand2789.txt	4.821	36	multiple
rand2790.txt	5.828	34	multiple
rand2791.txt	1.013	10	multiple
rand2792.txt	3.551	12	multiple
rand2793.txt	1.240	12	multiple
rand2794.txt	2.418	14	multiple
rand2795.txt	0.348	1	unique
rand2796.txt	1.068	3	multiple
rand2797.txt	3.898	7	multiple
rand2798.txt	28.478	38	multiple
rand2799.txt	2.008	8	multiple
rand2800.txt	5.116	14	multiple
rand2801.txt	6.276	22	multiple
rand2802.txt	3.704	19	multiple
rand2803.txt	0.331	7	multiple
rand2804.txt	1.156	7	multiple
rand2805.txt	5.102	8	multiple
rand2806.txt	0.575	3	multiple
rand2807.txt	7.179	10	multiple
rand2808.txt	0.966	10	multiple
rand2809.txt	16.470	20	multiple
rand2810.txt	9.399	14	multiple
rand2811.txt	0.665	1	unique
rand2812.txt	5.661	12	multiple
rand2813.txt	1.479	12	multiple
rand2814.txt	1.661	7	multiple
rand2815.txt	1.642	7	multiple
rand2816.txt	1.682	11	multiple
rand2817.txt	2.556	13	multiple
rand2818.txt	28.711	86	multiple
rand2819.txt	0.479	4	multiple
rand2820.txt	1.332	9	multiple
rand2821.txt	0.595	3	multiple
rand2822.txt	7.453	14	multiple
rand2823.txt	0.701	14	multiple
rand2824.txt	2.678	9	multiple
rand2825.txt	4.934	8	multiple
rand2826.txt	16.329	249	multiple
rand2827.txt	1.049	13	multiple
rand2828.txt	0.365	16	multiple
rand2829.txt	1.928	8	multiple
rand2830.txt	0.153	0	unique
rand2831.txt	0.667	18	multiple
rand2832.txt	9.467	12	multiple
rand2833.txt	2.027	10	multiple
rand2834.txt	2.010	8	multiple
rand2835.txt	4.491	8	multiple
rand2836.txt	5.315	12	multiple
rand2837.txt	14.666	28	multiple
rand2838.txt	1.629	14	multiple
rand2839.txt	4.435	9	multiple
rand2840.txt	2.830	18	multiple
rand2841.txt	0.744	18	multiple
rand2842.txt	49.298	216	multiple
rand2843.txt	7.346	18	multiple
rand2844.txt	2.532	10	multiple
rand2845.txt	3.763	18	multiple
rand2846.txt	2.096	8	multiple
rand2847.txt	4.754	21	multiple
rand2848.txt	2.497	16	multiple
rand2849.txt	2.086	3	multiple
rand2850.txt	8.275	8	multiple
rand2851.txt	0.829	8	multiple
rand2852.txt	6.100	22	multiple
rand2853.txt	2.541	13	multiple
rand2854.txt	4.028	15	multiple
rand2855.txt	1.389	7	multiple
rand2856.txt	0.566	10	multiple
rand2857.txt	4.297	11	multiple
rand2858.txt	5.271	12	multiple
rand2859.txt	0.439	3	multiple
rand2860.txt	2.642	14	multiple
rand2861.txt	1.649	10	multiple
rand2862.txt	8.568	11	multiple
rand2863.txt	1.011	4	multiple
rand2864.txt	2.572	13	multiple
rand2865.txt	7.626	18	multiple
rand2866.txt	3.631	11	multiple
rand2867.txt	5.076	10	multiple
rand2868.txt	2.502	4	multiple
rand2869.txt	1.841	17	multiple
rand2870.txt	2.681	13	multiple
rand2871.txt	1.972	9	multiple
rand2872.txt	0.257	0	unique
rand2873.txt	13.082	17	multiple
rand2874.txt	2.713	5	multiple
rand2875.txt	6.163	9	multiple
rand2876.txt	4.479	7	multiple
rand2877.txt	1.737	14	multiple
rand2878.txt	9.339	10	multiple
rand2879.txt	4.455	10	multiple
rand2880.txt	3.447	15	multiple
rand2881.txt	2.415	1	unique
rand2882.txt	1.487	11	multiple
rand2883.txt	0.429	7	multiple
rand2884.txt	26.276	523	multiple
rand2885.txt	1.548	12	multiple
rand2886.txt	3.589	9	multiple
rand2887.txt	1.143	3	multiple
rand2888.txt	2.486	3	multiple
rand2889.txt	1.329	8	multiple
rand2890.txt	4.328	8	multiple
rand2891.txt	11.302	19	multiple
rand2892.txt	4.208	19	multiple
rand2893.txt	20.128	49	multiple
rand2894.txt	1.054	10	multiple
rand2895.txt	1.253	12	multiple
rand2896.txt	0.371	4	multiple
rand2897.txt	3.968	20	multiple
rand2898.txt	1.503	12	multiple
rand2899.txt	3.030	3	multiple
rand2900.txt	0.640	3	multiple
rand2901.txt	2.284	9	multiple
rand2902.txt	10.474	11	multiple
rand2903.txt	1.264	10	multiple
rand2904.txt	1.380	11	multiple
rand2905.txt	4.877	11	multiple
rand2906.txt	3.390	16	multiple
rand2907.txt	0.591	5	multiple
rand2908.txt	5.602	10	multiple
rand2909.txt	5.938	8	multiple
rand2910.txt	2.490	5	multiple
rand2911.txt	1.480	7	multiple
rand2912.txt	11.646	17	multiple
rand2913.txt	0.844	8	multiple
rand2914.txt	3.105	8	multiple
rand2915.txt	5.396	16	multiple
rand2916.txt	2.416	16	multiple
rand2917.txt	8.296	104	multiple
rand2918.txt	6.417	150	multiple
rand2919.txt	4.478	16	multiple
rand2920.txt	4.276	9	multiple
rand2921.txt	0.091	0	unique
rand2922.txt	0.557	12	multiple
rand2923.txt	2.545	8	multiple
rand2924.txt	0.333	9	multiple
rand2925.txt	1.834	14	multiple
rand2926.txt	0.615	3	multiple
rand2927.txt	0.803	8	multiple
rand2928.txt	2.456	7	multiple
rand2929.txt	4.890	10	multiple
rand2930.txt	7.203	12	multiple
rand2931.txt	0.787	9	multiple
rand2932.txt	3.836	10	multiple
rand2933.txt	1.397	12	multiple
rand2934.txt	6.290	12	multiple
rand2935.txt	2.494	3	multiple
rand2936.txt	4.292	13	multiple
rand2937.txt	4.966	12	multiple
rand2938.txt	1.938	9	multiple
rand2939.txt	0.644	3	multiple
rand2940.txt	1.293	3	multiple
rand2941.txt	0.513	0	unique
rand2942.txt	6.248	10	multiple
rand2943.txt	3.819	20	multiple
rand2944.txt	5.904	15	multiple
rand2945.txt	0.502	7	multiple
rand2946.txt	16.140	88	multiple
rand2947.txt	5.389	13	multiple
rand2948.txt	20.028	372	multiple
rand2949.txt	0.861	8	multiple
rand2950.txt	0.712	4	multiple
rand2951.txt	2.069	3	multiple
rand2952.txt	3.281	13	multiple
rand2953.txt	0.520	7	multiple
rand2954.txt	2.163	3	multiple
rand2955.txt	2.558	1	unique
rand2956.txt	2.065	8	multiple
rand2957.txt	6.085	12	multiple
rand2958.txt	1.938	8	multiple
rand2959.txt	9.700	9	multiple
rand2960.txt	0.522	3	multiple
rand2961.txt	0.585	9	multiple
rand2962.txt	5.344	11	multiple
rand2963.txt	8.034	9	multiple
rand2964.txt	18.871	47	multiple
rand2965.txt	0.917	3	multiple
rand2966.txt	5.016	13	multiple
rand2967.txt	1.308	17	multiple
rand2968.txt	3.398	3	multiple
rand2969.txt	6.202	15	multiple
rand2970.txt	5.603	14	multiple
rand2971.txt	1.853	8	multiple
rand2972.txt	8.553	13	multiple
rand2973.txt	4.001	9	multiple
rand2974.txt	1.992	8	multiple
rand2975.txt	1433.663	32828	multiple
rand2976.txt	1.375	10	multiple
rand2977.txt	10.420	192	multiple
rand2978.txt	1.262	10	multiple
rand2979.txt	7.523	10	multiple
rand2980.txt	2.950	22	multiple
rand2981.txt	1.903	10	multiple
rand2982.txt	1.244	13	multiple
rand2983.txt	0.489	1	unique
rand2984.txt	4.050	7	multiple
rand2985.txt	1.814	14	multiple
rand2986.txt	0.998	7	multiple
rand2987.txt	0.975	9	multiple
rand2988.txt	1.573	9	multiple
rand2989.txt	2.761	13	multiple
rand2990.txt	1.482	8	multiple
rand2991.txt	22.464	93	multiple
rand2992.txt	1.067	6	multiple
rand2993.txt	0.520	5	multiple
rand2994.txt	9.343	24	multiple
rand2995.txt	1.502	5	multiple
rand2996.txt	12.760	171	multiple
rand2997.txt	27.890	94	multiple
rand2998.txt	1.348	13	multiple
rand2999.txt	1.236	3	multiple
rand3000.txt	0.580	3	multiple
rand3001.txt	0.592	7	multiple
rand3002.txt	1.811	8	multiple
rand3003.txt	23.177	77	multiple
rand3004.txt	1.485	9	multiple
rand3005.txt	13.520	12	multiple
rand3006.txt	1.377	3	multiple
rand3007.txt	2.794	27	multiple
rand3008.txt	0.483	9	multiple
rand3009.txt	8.040	15	multiple
rand3010.txt	1.190	8	multiple
rand3011.txt	1.354	13	multiple
rand3012.txt	0.790	5	multiple
rand3013.txt	1.598	3	multiple
rand3014.txt	4.211	3	multiple
rand3015.txt	0.344	10	multiple
rand3016.txt	0.913	15	multiple
rand3017.txt	1.324	7	multiple
rand3018.txt	5.027	4	multiple
rand3019.txt	1.857	14	multiple
rand3020.txt	2.766	5	multiple
rand3021.txt	6.396	10	multiple
rand3022.txt	2.571	12	multiple
rand3023.txt	0.608	11	multiple
rand3024.txt	1.242	8	multiple
rand3025.txt	6.556	9	multiple
rand3026.txt	17.541	197	multiple
rand3027.txt	0.549	4	multiple
rand3028.txt	0.375	8	multiple
rand3029.txt	2.188	11	multiple
rand3030.txt	5.430	12	multiple
rand3031.txt	12.623	11	multiple
rand3032.txt	1.166	13	multiple
rand3033.txt	3.764	4	multiple
rand3034.txt	3.530	3	multiple
rand3035.txt	0.805	12	multiple
rand3036.txt	5.416	12	multiple
rand3037.txt	1.685	7	multiple
rand3038.txt	0.576	8	multiple
rand3039.txt	1.031	4	multiple
rand3040.txt	0.914	9	multiple
rand3041.txt	0.929	12	multiple
rand3042.txt	30.182	38	multiple
rand3043.txt	1.438	8	multiple
rand3044.txt	0.388	8	multiple
rand3045.txt	4.841	13	multiple
rand3046.txt	3.808	3	multiple
rand3047.txt	1.773	7	multiple
rand3048.txt	12.035	19	multiple
rand3049.txt	1.141	12	multiple
rand3050.txt	10.657	159	multiple
rand3051.txt	3.375	10	multiple
rand3052.txt	4.614	3	multiple
rand3053.txt	7.678	7	multiple
rand3054.txt	603.770	5016	multiple
rand3055.txt	1.490	8	multiple
rand3056.txt	2.272	27	multiple
rand3057.txt	4.466	20	multiple
rand3058.txt	0.972	7	multiple
rand3059.txt	0.625	7	multiple
rand3060.txt	7.067	9	multiple
rand3061.txt	1.873	11	multiple
rand3062.txt	1.043	3	multiple
rand3063.txt	5.357	13	multiple
rand3064.txt	1.597	14	multiple
rand3065.txt	2.847	9	multiple
rand3066.txt	7.887	9	multiple
rand3067.txt	1.300	7	multiple
rand3068.txt	1.092	9	multiple
rand3069.txt	2.529	4	multiple
rand3070.txt	5.347	14	multiple
rand3071.txt	1.898	9	multiple
rand3072.txt	0.590	13	multiple
rand3073.txt	2.478	17	multiple
rand3074.txt	13.892	33	multiple
rand3075.txt	7.487	10	multiple
rand3076.txt	1.010	11	multiple
rand3077.txt	0.602	4	multiple
rand3078.txt	7.985	14	multiple
rand3079.txt	1.912	5	multiple
rand3080.txt	3.937	8	multiple
rand3081.txt	3.047	9	multiple
rand3082.txt	15.315	17	multiple
rand3083.txt	16.650	80	multiple
rand3084.txt	1.024	8	multiple
rand3085.txt	0.578	4	multiple
rand3086.txt	4.811	4	multiple
rand3087.txt	18.755	114	multiple
rand3088.txt	3.951	21	multiple
rand3089.txt	9.619	33	multiple
rand3090.txt	1.655	10	multiple
rand3091.txt	0.641	3	multiple
rand3092.txt	3.421	12	multiple
rand3093.txt	3.472	11	multiple
rand3094.txt	11.794	42	multiple
rand3095.txt	3.396	5	multiple
rand3096.txt	11.455	35	multiple
rand3097.txt	0.515	9	multiple
rand3098.txt	7.792	20	multiple
rand3099.txt	3.227	11	multiple
rand3100.txt	2.286	5	multiple
rand3101.txt	2.341	12	multiple
rand3102.txt	1.124	8	multiple
rand3103.txt	0.712	4	multiple
rand3104.txt	6.044	15	multiple
rand3105.txt	0.392	3	multiple
rand3106.txt	0.853	8	multiple
rand3107.txt	8.863	10	multiple
rand3108.txt	2.385	13	multiple
rand3109.txt	15.403	22	multiple
rand3110.txt	1.630	11	multiple
rand3111.txt	0.532	10	multiple
rand3112.txt	0.653	8	multiple
rand3113.txt	3.207	8	multiple
rand3114.txt	4.620	9	multiple
rand3115.txt	35.945	101	multiple
rand3116.txt	0.718	5	multiple
rand3117.txt	1.026	11	multiple
rand3118.txt	5.350	5	multiple
rand3119.txt	9.454	171	multiple
rand3120.txt	1.699	10	multiple
rand3121.txt	0.830	4	multiple
rand3122.txt	7.121	20	multiple
rand3123.txt	2.140	15	multiple
rand3124.txt	1.000	3	multiple
rand3125.txt	1.736	11	multiple
rand3126.txt	2.714	19	multiple
rand3127.txt	2.673	18	multiple
rand3128.txt	28.162	51	multiple
rand3129.txt	1.452	7	multiple
rand3130.txt	4.894	14	multiple
rand3131.txt	1.246	3	multiple
rand3132.txt	14.446	36	multiple
rand3133.txt	4.848	19	multiple
rand3134.txt	0.684	11	multiple
rand3135.txt	6.188	15	multiple
rand3136.txt	3.367	11	multiple
rand3137.txt	1.730	13	multiple
rand3138.txt	6.300	11	multiple
rand3139.txt	6.501	10	multiple
rand3140.txt	10.310	21	multiple
rand3141.txt	1.748	11	multiple
rand3142.txt	4.759	6	multiple
rand3143.txt	0.728	8	multiple
rand3144.txt	0.850	8	multiple
rand3145.txt	4.519	4	multiple
rand3146.txt	5.211	6	multiple
rand3147.txt	7.825	14	multiple
rand3148.txt	20.227	254	multiple
rand3149.txt	0.235	0	unique
rand3150.txt	2.640	7	multiple
rand3151.txt	66.849	2339	multiple
rand3152.txt	2.411	17	multiple
rand3153.txt	3.267	8	multiple
rand3154.txt	0.515	7	multiple
rand3155.txt	8.208	12	multiple
rand3156.txt	3.506	18	multiple
rand3157.txt	2.830	6	multiple
rand3158.txt	1.766	16	multiple
rand3159.txt	3.129	4	multiple
rand3160.txt	4.733	10	multiple
rand3161.txt	1.395	17	multiple
rand3162.txt	0.774	5	multiple
rand3163.txt	12.767	5	multiple
rand3164.txt	0.805	3	multiple
rand3165.txt	2.652	5	multiple
rand3166.txt	1.698	15	multiple
rand3167.txt	0.807	11	multiple
rand3168.txt	1.267	8	multiple
rand3169.txt	36.639	54	multiple
rand3170.txt	1.913	3	multiple
rand3171.txt	3.572	16	multiple
rand3172.txt	3.977	22	multiple
rand3173.txt	5.297	12	multiple
rand3174.txt	5.101	10	multiple
rand3175.txt	3.992	9	multiple
rand3176.txt	1.186	15	multiple
rand3177.txt	12.297	16	multiple
rand3178.txt	2.134	8	multiple
rand3179.txt	5.581	11	multiple
rand3180.txt	1.541	9	multiple
rand3181.txt	38.240	79	multiple
rand3182.txt	4.787	7	multiple
rand3183.txt	1.804	5	multiple
rand3184.txt	3.321	12	multiple
rand3185.txt	6.971	45	multiple
rand3186.txt	1.586	9	multiple
rand3187.txt	7.594	5	multiple
rand3188.txt	1.234	7	multiple
rand3189.txt	2.296	13	multiple
rand3190.txt	0.962	9	multiple
rand3191.txt	0.844	3	multiple
rand3192.txt	8.656	1	unique
rand3193.txt	1.521	7	multiple
rand3194.txt	2.229	19	multiple
rand3195.txt	3.716	8	multiple
rand3196.txt	5.821	12	multiple
rand3197.txt	2.618	18	multiple
rand3198.txt	4.941	14	multiple
rand3199.txt	6.228	7	multiple
rand3200.txt	7.356	10	multiple
rand3201.txt	15.747	52	multiple
rand3202.txt	0.674	3	multiple
rand3203.txt	1.205	25	multiple
rand3204.txt	6.371	26	multiple
rand3205.txt	20.513	39	multiple
rand3206.txt	8.062	87	multiple
rand3207.txt	7.452	17	multiple
rand3208.txt	1.377	3	multiple
rand3209.txt	11.243	38	multiple
rand3210.txt	2.328	9	multiple
rand3211.txt	1.049	11	multiple
rand3212.txt	0.844	4	multiple
rand3213.txt	0.780	3	multiple
rand3214.txt	14.112	20	multiple
rand3215.txt	1.122	12	multiple
rand3216.txt	6.087	8	multiple
rand3217.txt	2.637	15	multiple
rand3218.txt	2.236	3	multiple
rand3219.txt	13.923	4	multiple
rand3220.txt	4.066	17	multiple
rand3221.txt	1.016	8	multiple
rand3222.txt	2.193	10	multiple
rand3223.txt	1.877	11	multiple
rand3224.txt	8.507	127	multiple
rand3225.txt	2.595	14	multiple
rand3226.txt	1.862	16	multiple
rand3227.txt	2.671	11	multiple
rand3228.txt	8.509	19	multiple
rand3229.txt	9.473	101	multiple
rand3230.txt	3.993	15	multiple
rand3231.txt	0.578	7	multiple
rand3232.txt	7.268	7	multiple
rand3233.txt	1.587	16	multiple
rand3234.txt	1.103	10	multiple
rand3235.txt	0.963	8	multiple
rand3236.txt	5.521	6	multiple
rand3237.txt	1.530	13	multiple
rand3238.txt	6.463	13	multiple
rand3239.txt	1.646	13	multiple
rand3240.txt	5.263	16	multiple
rand3241.txt	0.683	12	multiple
rand3242.txt	2.391	13	multiple
rand3243.txt	20.816	299	multiple
rand3244.txt	0.713	12	multiple
rand3245.txt	1.138	8	multiple
rand3246.txt	1.404	11	multiple
rand3247.txt	1.926	13	multiple
rand3248.txt	20.482	45	multiple
rand3249.txt	0.359	4	multiple
rand3250.txt	3.194	4	multiple
rand3251.txt	9.686	17	multiple
rand3252.txt	1.510	4	multiple
rand3253.txt	5.944	11	multiple
rand3254.txt	0.344	4	multiple
rand3255.txt	8.672	7	multiple
rand3256.txt	21.759	74	multiple
rand3257.txt	0.588	3	multiple
rand3258.txt	0.852	7	multiple
rand3259.txt	7.363	8	multiple
rand3260.txt	4.834	12	multiple
rand3261.txt	4.147	12	multiple
rand3262.txt	4.153	14	multiple
rand3263.txt	5.854	4	multiple
rand3264.txt	4.767	17	multiple
rand3265.txt	3.383	14	multiple
rand3266.txt	1.950	10	multiple
rand3267.txt	7.629	50	multiple
rand3268.txt	0.438	3	multiple
rand3269.txt	0.635	1	unique
rand3270.txt	4.705	15	multiple
rand3271.txt	3.627	11	multiple
rand3272.txt	22.439	43	multiple
rand3273.txt	1.352	8	multiple
rand3274.txt	8.123	10	multiple
rand3275.txt	14.984	30	multiple
rand3276.txt	0.772	14	multiple
rand3277.txt	23.622	31	multiple
rand3278.txt	1.916	8	multiple
rand3279.txt	26.206	43	multiple
rand3280.txt	3.964	12	multiple
rand3281.txt	2.792	4	multiple
rand3282.txt	1.551	10	multiple
rand3283.txt	6.690	7	multiple
rand3284.txt	5.562	67	multiple
rand3285.txt	2.335	8	multiple
rand3286.txt	8.166	19	multiple
rand3287.txt	9.893	20	multiple
rand3288.txt	7.065	107	multiple
rand3289.txt	1.298	4	multiple
rand3290.txt	6.329	9	multiple
rand3291.txt	4.452	13	multiple
rand3292.txt	1.112	14	multiple
rand3293.txt	20.024	249	multiple
rand3294.txt	1.525	5	multiple
rand3295.txt	0.477	11	multiple
rand3296.txt	2.615	19	multiple
rand3297.txt	2.061	5	multiple
rand3298.txt	13.398	13	multiple
rand3299.txt	5.480	10	multiple
rand3300.txt	23.040	47	multiple
rand3301.txt	5.431	15	multiple
rand3302.txt	0.446	1	unique
rand3303.txt	1.463	15	multiple
rand3304.txt	3.007	8	multiple
rand3305.txt	0.444	1	unique
rand3306.txt	8.703	12	multiple
rand3307.txt	1.085	10	multiple
rand3308.txt	3.334	17	multiple
rand3309.txt	6.695	11	multiple
rand3310.txt	0.534	12	multiple
rand3311.txt	0.754	4	multiple
rand3312.txt	1.450	8	multiple
rand3313.txt	1.081	7	multiple
rand3314.txt	1.195	6	multiple
rand3315.txt	1.859	8	multiple
rand3316.txt	3.427	15	multiple
rand3317.txt	0.834	7	multiple
rand3318.txt	2.387	4	multiple
rand3319.txt	0.805	7	multiple
rand3320.txt	9.052	9	multiple
rand3321.txt	5.698	11	multiple
rand3322.txt	4.408	11	multiple
rand3323.txt	0.702	10	multiple
rand3324.txt	5.882	18	multiple
rand3325.txt	1.928	9	multiple
rand3326.txt	2.347	16	multiple
rand3327.txt	3.367	5	multiple
rand3328.txt	0.617	3	multiple
rand3329.txt	1.687	8	multiple
rand3330.txt	2.037	10	multiple
rand3331.txt	1.346	7	multiple
rand3332.txt	1.269	14	multiple
rand3333.txt	3.068	10	multiple
rand3334.txt	3.949	3	multiple
rand3335.txt	1.935	4	multiple
rand3336.txt	5.892	11	multiple
rand3337.txt	1.108	10	multiple
rand3338.txt	3.600	12	multiple
rand3339.txt	3.526	13	multiple
rand3340.txt	5.898	9	multiple
rand3341.txt	1.137	5	multiple
rand3342.txt	34.143	44	multiple
rand3343.txt	8.886	14	multiple
rand3344.txt	1.119	8	multiple
rand3345.txt	1.195	10	multiple
rand3346.txt	2.715	13	multiple
rand3347.txt	0.369	1	unique
rand3348.txt	13.470	16	multiple
rand3349.txt	0.335	3	multiple
rand3350.txt	4.436	14	multiple
rand3351.txt	2.801	8	multiple
rand3352.txt	1.406	9	multiple
rand3353.txt	2.455	14	multiple
rand3354.txt	5.580	11	multiple
rand3355.txt	1.618	12	multiple
rand3356.txt	2.546	4	multiple
rand3357.txt	1.180	9	multiple
rand3358.txt	1.186	14	multiple
rand3359.txt	1.057	3	multiple
rand3360.txt	7.380	17	multiple
rand3361.txt	1.686	4	multiple
rand3362.txt	1.096	11	multiple
rand3363.txt	15.704	337	multiple
rand3364.txt	0.350	4	multiple
rand3365.txt	4.849	9	multiple
rand3366.txt	0.873	10	multiple
rand3367.txt	6.227	10	multiple
rand3368.txt	6.610	53	multiple
rand3369.txt	8.706	31	multiple
rand3370.txt	1.042	11	multiple
rand3371.txt	0.651	6	multiple
rand3372.txt	5.546	6	multiple
rand3373.txt	2.721	9	multiple
rand3374.txt	5.124	9	multiple
rand3375.txt	0.426	11	multiple
rand3376.txt	0.790	3	multiple
rand3377.txt	0.444	10	multiple
rand3378.txt	17.923	62	multiple
rand3379.txt	0.851	11	multiple
rand3380.txt	1.732	7	multiple
rand3381.txt	2.201	11	multiple
rand3382.txt	1.184	12	multiple
rand3383.txt	8.404	15	multiple
rand3384.txt	0.947	4	multiple
rand3385.txt	1.441	10	multiple
rand3386.txt	9.313	12	multiple
rand3387.txt	6.334	13	multiple
rand3388.txt	1.428	8	multiple
rand3389.txt	1.788	11	multiple
rand3390.txt	20.675	57	multiple
rand3391.txt	2.408	9	multiple
rand3392.txt	8.788	10	multiple
rand3393.txt	1.837	19	multiple
rand3394.txt	5.595	4	multiple
rand3395.txt	6.623	13	multiple
rand3396.txt	5.822	121	multiple
rand3397.txt	3.567	7	multiple
rand3398.txt	2.440	10	multiple
rand3399.txt	3.197	8	multiple
rand3400.txt	0.837	8	multiple
rand3401.txt	4.010	5	multiple
rand3402.txt	2.281	3	multiple
rand3403.txt	4.556	5	multiple
rand3404.txt	1.875	10	multiple
rand3405.txt	0.494	11	multiple
rand3406.txt	0.221	4	multiple
rand3407.txt	13.430	9	multiple
rand3408.txt	21.244	79	multiple
rand3409.txt	0.969	7	multiple
rand3410.txt	0.840	11	multiple
rand3411.txt	15.581	29	multiple
rand3412.txt	1.205	13	multiple
rand3413.txt	24.797	734	multiple
rand3414.txt	1.065	10	multiple
rand3415.txt	3.408	27	multiple
rand3416.txt	2.629	14	multiple
rand3417.txt	1.424	10	multiple
rand3418.txt	0.675	12	multiple
rand3419.txt	0.421	1	unique
rand3420.txt	6.241	14	multiple
rand3421.txt	0.896	9	multiple
rand3422.txt	1.189	7	multiple
rand3423.txt	0.678	16	multiple
rand3424.txt	0.771	4	multiple
rand3425.txt	12.619	24	multiple
rand3426.txt	1.055	9	multiple
rand3427.txt	3.457	14	multiple
rand3428.txt	19.826	26	multiple
rand3429.txt	9.091	15	multiple
rand3430.txt	1.875	6	multiple
rand3431.txt	4.841	54	multiple
rand3432.txt	1.845	5	multiple
rand3433.txt	6.551	9	multiple
rand3434.txt	3.541	15	multiple
rand3435.txt	0.566	11	multiple
rand3436.txt	13.869	32	multiple
rand3437.txt	6.054	13	multiple
rand3438.txt	13.460	39	multiple
rand3439.txt	2.174	17	multiple
rand3440.txt	3.706	10	multiple
rand3441.txt	6.540	16	multiple
rand3442.txt	1.322	5	multiple
rand3443.txt	0.968	3	multiple
rand3444.txt	4.504	4	multiple
rand3445.txt	2.350	9	multiple
rand3446.txt	0.963	12	multiple
rand3447.txt	0.517	8	multiple
rand3448.txt	1.412	8	multiple
rand3449.txt	7.221	9	multiple
rand3450.txt	3.071	5	multiple
rand3451.txt	0.627	13	multiple
rand3452.txt	0.750	7	multiple
rand3453.txt	1.982	9	multiple
rand3454.txt	16.995	19	multiple
rand3455.txt	0.724	4	multiple
rand3456.txt	5.704	13	multiple
rand3457.txt	7.327	3	multiple
rand3458.txt	4.479	14	multiple
rand3459.txt	4.327	13	multiple
rand3460.txt	0.627	11	multiple
rand3461.txt	0.335	3	multiple
rand3462.txt	1.814	7	multiple
rand3463.txt	0.694	4	multiple
rand3464.txt	3.808	12	multiple
rand3465.txt	6.730	13	multiple
rand3466.txt	3.934	8	multiple
rand3467.txt	10.022	12	multiple
rand3468.txt	3.055	9	multiple
rand3469.txt	14.564	89	multiple
rand3470.txt	7.271	17	multiple
rand3471.txt	0.840	8	multiple
rand3472.txt	1.124	10	multiple
rand3473.txt	2.660	9	multiple
rand3474.txt	1.023	13	multiple
rand3475.txt	1.057	7	multiple
rand3476.txt	6.449	14	multiple
rand3477.txt	5.997	98	multiple
rand3478.txt	5.338	4	multiple
rand3479.txt	6.390	16	multiple
rand3480.txt	2.262	13	multiple
rand3481.txt	2.223	26	multiple
rand3482.txt	1.425	7	multiple
rand3483.txt	31.811	164	multiple
rand3484.txt	1.494	11	multiple
rand3485.txt	1.688	8	multiple
rand3486.txt	8.104	16	multiple
rand3487.txt	11.034	37	multiple
rand3488.txt	0.422	8	multiple
rand3489.txt	1.037	3	multiple
rand3490.txt	2.302	12	multiple
rand3491.txt	7.405	17	multiple
rand3492.txt	1.537	8	multiple
rand3493.txt	7.952	21	multiple
rand3494.txt	6.810	16	multiple
rand3495.txt	4.394	10	multiple
rand3496.txt	4.612	7	multiple
rand3497.txt	4.468	7	multiple
rand3498.txt	0.596	3	multiple
rand3499.txt	1.105	10	multiple
rand3500.txt	3.139	4	multiple
rand3501.txt	5.933	32	multiple
rand3502.txt	1.220	9	multiple
rand3503.txt	6.734	17	multiple
rand3504.txt	0.639	5	multiple
rand3505.txt	7.254	4	multiple
rand3506.txt	4.893	132	multiple
rand3507.txt	0.880	14	multiple
rand3508.txt	1.149	3	multiple
rand3509.txt	0.370	10	multiple
rand3510.txt	2.323	1	unique
rand3511.txt	14.515	35	multiple
rand3512.txt	2.334	9	multiple
rand3513.txt	3.107	5	multiple
rand3514.txt	2.308	10	multiple
rand3515.txt	1.221	14	multiple
rand3516.txt	7.098	7	multiple
rand3517.txt	0.858	4	multiple
rand3518.txt	3.928	16	multiple
rand3519.txt	6.098	10	multiple
rand3520.txt	4.351	6	multiple
rand3521.txt	0.455	3	multiple
rand3522.txt	10.343	8	multiple
rand3523.txt	1.361	8	multiple
rand3524.txt	1.165	7	multiple
rand3525.txt	0.464	9	multiple
rand3526.txt	3.951	10	multiple
rand3527.txt	0.792	9	multiple
rand3528.txt	6.846	14	multiple
rand3529.txt	2.100	4	multiple
rand3530.txt	3.726	4	multiple
rand3531.txt	4.042	12	multiple
rand3532.txt	1.954	15	multiple
rand3533.txt	0.924	9	multiple
rand3534.txt	2.474	13	multiple
rand3535.txt	40.146	615	multiple
rand3536.txt	0.887	15	multiple
rand3537.txt	4.094	17	multiple
rand3538.txt	26.327	49	multiple
rand3539.txt	4.438	5	multiple
rand3540.txt	3.999	13	multiple
rand3541.txt	7.999	119	multiple
rand3542.txt	24.912	51	multiple
rand3543.txt	1.562	4	multiple
rand3544.txt	4.298	14	multiple
rand3545.txt	0.581	7	multiple
rand3546.txt	20.061	55	multiple
rand3547.txt	9.276	143	multiple
rand3548.txt	0.715	11	multiple
rand3549.txt	1.642	10	multiple
rand3550.txt	5.572	1	unique
rand3551.txt	11.374	12	multiple
rand3552.txt	4.203	16	multiple
rand3553.txt	1.865	16	multiple
rand3554.txt	0.750	3	multiple
rand3555.txt	2.446	10	multiple
rand3556.txt	7.814	13	multiple
rand3557.txt	1.136	7	multiple
rand3558.txt	0.809	1	unique
rand3559.txt	9.494	15	multiple
rand3560.txt	4.765	8	multiple
rand3561.txt	0.999	8	multiple
rand3562.txt	6.928	4	multiple
rand3563.txt	0.595	8	multiple
rand3564.txt	8.487	8	multiple
rand3565.txt	3.164	11	multiple
rand3566.txt	6.855	9	multiple
rand3567.txt	0.900	13	multiple
rand3568.txt	0.723	9	multiple
rand3569.txt	0.673	5	multiple
rand3570.txt	7.546	8	multiple
rand3571.txt	24.865	45	multiple
rand3572.txt	5.089	11	multiple
rand3573.txt	1.787	1	unique
rand3574.txt	1.287	13	multiple
rand3575.txt	6.372	6	multiple
rand3576.txt	7.695	9	multiple
rand3577.txt	3.558	21	multiple
rand3578.txt	5.416	13	multiple
rand3579.txt	2.799	15	multiple
rand3580.txt	0.840	11	multiple
rand3581.txt	0.412	10	multiple
rand3582.txt	11.507	7	multiple
rand3583.txt	3.528	15	multiple
rand3584.txt	18.859	31	multiple
rand3585.txt	4.539	23	multiple
rand3586.txt	1.249	13	multiple
rand3587.txt	5.035	9	multiple
rand3588.txt	0.857	4	multiple
rand3589.txt	19.701	71	multiple
rand3590.txt	1.120	11	multiple
rand3591.txt	6.950	11	multiple
rand3592.txt	12.350	144	multiple
rand3593.txt	11.030	50	multiple
rand3594.txt	6.326	85	multiple
rand3595.txt	1.010	3	multiple
rand3596.txt	8.205	21	multiple
rand3597.txt	3.765	8	multiple
rand3598.txt	0.582	9	multiple
rand3599.txt	6.443	13	multiple
rand3600.txt	5.031	9	multiple
rand3601.txt	6.779	12	multiple
rand3602.txt	2.157	7	multiple
rand3603.txt	6.341	17	multiple
rand3604.txt	1.584	16	multiple
rand3605.txt	7.199	13	multiple
rand3606.txt	1.414	13	multiple
rand3607.txt	3.919	6	multiple
rand3608.txt	9.051	84	multiple
rand3609.txt	0.652	1	unique
rand3610.txt	1.588	16	multiple
rand3611.txt	0.638	7	multiple
rand3612.txt	1.530	8	multiple
rand3613.txt	6.270	21	multiple
rand3614.txt	4.624	3	multiple
rand3615.txt	0.629	8	multiple
rand3616.txt	6.805	17	multiple
rand3617.txt	2.557	18	multiple
rand3618.txt	2.402	8	multiple
rand3619.txt	0.493	7	multiple
rand3620.txt	15.254	325	multiple
rand3621.txt	7.042	14	multiple
rand3622.txt	5.002	9	multiple
rand3623.txt	19.470	254	multiple
rand3624.txt	1.805	5	multiple
rand3625.txt	2.628	1	unique
rand3626.txt	31.610	60	multiple
rand3627.txt	15.272	32	multiple
rand3628.txt	0.611	9	multiple
rand3629.txt	0.649	7	multiple
rand3630.txt	7.851	13	multiple
rand3631.txt	4.319	43	multiple
rand3632.txt	3.029	3	multiple
rand3633.txt	7.401	19	multiple
rand3634.txt	0.624	7	multiple
rand3635.txt	6.794	11	multiple
rand3636.txt	2.501	4	multiple
rand3637.txt	3.040	7	multiple
rand3638.txt	8.163	16	multiple
rand3639.txt	0.635	3	multiple
rand3640.txt	4.087	9	multiple
rand3641.txt	1.506	13	multiple
rand3642.txt	25.078	371	multiple
rand3643.txt	2.055	1	unique
rand3644.txt	0.383	8	multiple
rand3645.txt	0.575	7	multiple
rand3646.txt	1.661	19	multiple
rand3647.txt	6.345	11	multiple
rand3648.txt	3.670	16	multiple
rand3649.txt	3.531	13	multiple
rand3650.txt	0.630	11	multiple
rand3651.txt	7.161	62	multiple
rand3652.txt	2.219	11	multiple
rand3653.txt	0.711	12	multiple
rand3654.txt	1.528	7	multiple
rand3655.txt	0.827	9	multiple
rand3656.txt	2.246	13	multiple
rand3657.txt	0.908	11	multiple
rand3658.txt	1.754	8	multiple
rand3659.txt	9.503	13	multiple
rand3660.txt	3.559	11	multiple
rand3661.txt	7.143	5	multiple
rand3662.txt	2.615	11	multiple
rand3663.txt	10.513	10	multiple
rand3664.txt	4.504	17	multiple
rand3665.txt	1.362	16	multiple
rand3666.txt	4.536	4	multiple
rand3667.txt	13.181	49	multiple
rand3668.txt	0.999	9	multiple
rand3669.txt	1.104	7	multiple
rand3670.txt	2.241	11	multiple
rand3671.txt	12.549	19	multiple
rand3672.txt	1.076	10	multiple
rand3673.txt	0.676	12	multiple
rand3674.txt	3.797	10	multiple
rand3675.txt	0.349	7	multiple
rand3676.txt	10.705	38	multiple
rand3677.txt	1.410	13	multiple
rand3678.txt	7.581	74	multiple
rand3679.txt	6.549	17	multiple
rand3680.txt	1.566	8	multiple
rand3681.txt	59.795	361	multiple
rand3682.txt	19.447	43	multiple
rand3683.txt	2.031	9	multiple
rand3684.txt	2.497	10	multiple
rand3685.txt	2.514	17	multiple
rand3686.txt	1.937	8	multiple
rand3687.txt	1.727	9	multiple
rand3688.txt	7.191	9	multiple
rand3689.txt	9.374	20	multiple
rand3690.txt	9.595	47	multiple
rand3691.txt	1.160	13	multiple
rand3692.txt	19.243	80	multiple
rand3693.txt	11.088	14	multiple
rand3694.txt	1.539	14	multiple
rand3695.txt	13.015	125	multiple
rand3696.txt	6.966	95	multiple
rand3697.txt	1.163	10	multiple
rand3698.txt	0.769	8	multiple
rand3699.txt	3.352	14	multiple
rand3700.txt	0.910	8	multiple
rand3701.txt	2.985	16	multiple
rand3702.txt	8.038	11	multiple
rand3703.txt	6.180	8	multiple
rand3704.txt	0.635	7	multiple
rand3705.txt	8.391	29	multiple
rand3706.txt	1.540	17	multiple
rand3707.txt	0.479	7	multiple
rand3708.txt	7.807	10	multiple
rand3709.txt	9.756	74	multiple
rand3710.txt	3.857	5	multiple
rand3711.txt	0.422	3	multiple
rand3712.txt	5.257	16	multiple
rand3713.txt	4.373	66	multiple
rand3714.txt	9.594	13	multiple
rand3715.txt	1.908	9	multiple
rand3716.txt	3.677	4	multiple
rand3717.txt	4.379	9	multiple
rand3718.txt	3.366	3	multiple
rand3719.txt	12.260	205	multiple
rand3720.txt	6.750	21	multiple
rand3721.txt	12.893	43	multiple
rand3722.txt	1.607	5	multiple
rand3723.txt	6.681	14	multiple
rand3724.txt	7.029	108	multiple
rand3725.txt	1.610	28	multiple
rand3726.txt	3.052	9	multiple
rand3727.txt	0.677	13	multiple
rand3728.txt	1.485	10	multiple
rand3729.txt	4.970	24	multiple
rand3730.txt	0.548	3	multiple
rand3731.txt	6.273	18	multiple
rand3732.txt	3.645	14	multiple
rand3733.txt	1.939	12	multiple
rand3734.txt	1.727	7	multiple
rand3735.txt	7.254	24	multiple
rand3736.txt	1.085	15	multiple
rand3737.txt	1.207	10	multiple
rand3738.txt	1.478	13	multiple
rand3739.txt	1.289	9	multiple
rand3740.txt	1.365	10	multiple
rand3741.txt	0.993	5	multiple
rand3742.txt	0.724	5	multiple
rand3743.txt	8.883	15	multiple
rand3744.txt	11.475	21	multiple
rand3745.txt	2.276	17	multiple
rand3746.txt	13.351	9	multiple
rand3747.txt	0.772	8	multiple
rand3748.txt	11.561	13	multiple
rand3749.txt	1.166	10	multiple
rand3750.txt	4.519	10	multiple
rand3751.txt	0.926	18	multiple
rand3752.txt	4.353	11	multiple
rand3753.txt	2.602	16	multiple
rand3754.txt	1.444	3	multiple
rand3755.txt	8.342	6	multiple
rand3756.txt	6.615	12	multiple
rand3757.txt	0.950	8	multiple
rand3758.txt	1.714	12	multiple
rand3759.txt	18.459	46	multiple
rand3760.txt	8.083	4	multiple
rand3761.txt	24.640	63	multiple
rand3762.txt	14.070	65	multiple
rand3763.txt	0.700	7	multiple
rand3764.txt	3.744	11	multiple
rand3765.txt	3.108	15	multiple
rand3766.txt	6.053	12	multiple
rand3767.txt	6.045	14	multiple
rand3768.txt	4.093	17	multiple
rand3769.txt	2.807	9	multiple
rand3770.txt	3.946	11	multiple
rand3771.txt	0.827	7	multiple
rand3772.txt	0.748	11	multiple
rand3773.txt	0.915	9	multiple
rand3774.txt	7.526	9	multiple
rand3775.txt	9.870	14	multiple
rand3776.txt	1.459	9	multiple
rand3777.txt	1.165	11	multiple
rand3778.txt	6.492	8	multiple
rand3779.txt	6.158	73	multiple
rand3780.txt	6.723	12	multiple
rand3781.txt	2.068	11	multiple
rand3782.txt	2.992	3	multiple
rand3783.txt	0.538	9	multiple
rand3784.txt	1.099	10	multiple
rand3785.txt	0.650	12	multiple
rand3786.txt	10.870	14	multiple
rand3787.txt	0.910	11	multiple
rand3788.txt	7.970	15	multiple
rand3789.txt	8.265	8	multiple
rand3790.txt	3.449	13	multiple
rand3791.txt	6.341	17	multiple
rand3792.txt	2.088	15	multiple
rand3793.txt	2.888	3	multiple
rand3794.txt	4.076	13	multiple
rand3795.txt	0.875	9	multiple
rand3796.txt	7.615	116	multiple
rand3797.txt	1.119	9	multiple
rand3798.txt	9.676	12	multiple
rand3799.txt	11.588	18	multiple
rand3800.txt	0.931	11	multiple
rand3801.txt	4.709	3	multiple
rand3802.txt	0.727	8	multiple
rand3803.txt	0.775	9	multiple
rand3804.txt	0.889	8	multiple
rand3805.txt	1.233	9	multiple
rand3806.txt	3.516	15	multiple
rand3807.txt	3.858	14	multiple
rand3808.txt	2.787	6	multiple
rand3809.txt	11.278	7	multiple
rand3810.txt	3.467	1	unique
rand3811.txt	0.336	4	multiple
rand3812.txt	2.257	15	multiple
rand3813.txt	0.366	7	multiple
rand3814.txt	3.884	18	multiple
rand3815.txt	1.362	7	multiple
rand3816.txt	0.588	3	multiple
rand3817.txt	2.013	7	multiple
rand3818.txt	1.291	11	multiple
rand3819.txt	4.991	13	multiple
rand3820.txt	2.236	7	multiple
rand3821.txt	2.006	10	multiple
rand3822.txt	0.313	9	multiple
rand3823.txt	30.285	68	multiple
rand3824.txt	7.877	59	multiple
rand3825.txt	2.499	8	multiple
rand3826.txt	6.833	52	multiple
rand3827.txt	1.224	1	unique
rand3828.txt	17.359	49	multiple
rand3829.txt	0.847	8	multiple
rand3830.txt	3.100	18	multiple
rand3831.txt	1.339	17	multiple
rand3832.txt	2.576	4	multiple
rand3833.txt	7.996	7	multiple
rand3834.txt	1.936	3	multiple
rand3835.txt	1.337	14	multiple
rand3836.txt	0.646	12	multiple
rand3837.txt	0.781	7	multiple
rand3838.txt	75.323	1460	multiple
rand3839.txt	0.690	6	multiple
rand3840.txt	0.891	10	multiple
rand3841.txt	0.406	8	multiple
rand3842.txt	0.525	10	multiple
rand3843.txt	8.667	18	multiple
rand3844.txt	3.152	7	multiple
rand3845.txt	3.881	7	multiple
rand3846.txt	1.475	8	multiple
rand3847.txt	0.827	3	multiple
rand3848.txt	1.726	4	multiple
rand3849.txt	13.833	14	multiple
rand3850.txt	3.168	11	multiple
rand3851.txt	0.524	14	multiple
rand3852.txt	1.203	9	multiple
rand3853.txt	10.675	12	multiple
rand3854.txt	2.191	11	multiple
rand3855.txt	2.341	11	multiple
rand3856.txt	3.896	8	multiple
rand3857.txt	2.801	18	multiple
rand3858.txt	5.989	14	multiple
rand3859.txt	1.300	11	multiple
rand3860.txt	7.103	10	multiple
rand3861.txt	4.306	9	multiple
rand3862.txt	255.666	1374	multiple
rand3863.txt	0.867	12	multiple
rand3864.txt	1.731	14	multiple
rand3865.txt	0.276	7	multiple
rand3866.txt	0.527	4	multiple
rand3867.txt	9.098	14	multiple
rand3868.txt	5.315	7	multiple
rand3869.txt	6.491	17	multiple
rand3870.txt	0.930	8	multiple
rand3871.txt	3.553	18	multiple
rand3872.txt	3.407	16	multiple
rand3873.txt	5.260	17	multiple
rand3874.txt	0.357	4	multiple
rand3875.txt	0.865	8	multiple
rand3876.txt	8.228	42	multiple
rand3877.txt	0.575	13	multiple
rand3878.txt	0.550	4	multiple
rand3879.txt	6.072	11	multiple
rand3880.txt	1.489	12	multiple
rand3881.txt	7.454	15	multiple
rand3882.txt	10.916	47	multiple
rand3883.txt	1.280	4	multiple
rand3884.txt	0.110	0	unique
rand3885.txt	1.959	16	multiple
rand3886.txt	0.728	8	multiple
rand3887.txt	0.326	3	multiple
rand3888.txt	5.786	26	multiple
rand3889.txt	0.595	3	multiple
rand3890.txt	1.963	14	multiple
rand3891.txt	0.547	8	multiple
rand3892.txt	0.602	16	multiple
rand3893.txt	1.085	13	multiple
rand3894.txt	1.756	13	multiple
rand3895.txt	1.253	7	multiple
rand3896.txt	0.721	8	multiple
rand3897.txt	8.706	22	multiple
rand3898.txt	18.111	40	multiple
rand3899.txt	2.415	18	multiple
rand3900.txt	1.906	22	multiple
rand3901.txt	1.868	7	multiple
rand3902.txt	30.945	758	multiple
rand3903.txt	1.655	17	multiple
rand3904.txt	12.653	48	multiple
rand3905.txt	1.813	15	multiple
rand3906.txt	2.622	19	multiple
rand3907.txt	4.772	11	multiple
rand3908.txt	1.982	13	multiple
rand3909.txt	0.866	3	multiple
rand3910.txt	0.512	8	multiple
rand3911.txt	6.253	13	multiple
rand3912.txt	17.985	45	multiple
rand3913.txt	12.793	145	multiple
rand3914.txt	1.057	17	multiple
rand3915.txt	0.141	0	unique
rand3916.txt	0.750	1	unique
rand3917.txt	0.832	9	multiple
rand3918.txt	17.387	245	multiple
rand3919.txt	0.583	9	multiple
rand3920.txt	0.963	9	multiple
rand3921.txt	0.759	5	multiple
rand3922.txt	10.201	17	multiple
rand3923.txt	2.481	5	multiple
rand3924.txt	2.435	14	multiple
rand3925.txt	2.919	7	multiple
rand3926.txt	19.961	37	multiple
rand3927.txt	1.037	14	multiple
rand3928.txt	5.821	12	multiple
rand3929.txt	0.836	14	multiple
rand3930.txt	3.108	13	multiple
rand3931.txt	2.135	9	multiple
rand3932.txt	9.592	11	multiple
rand3933.txt	5.657	15	multiple
rand3934.txt	1.970	5	multiple
rand3935.txt	2.110	9	multiple
rand3936.txt	2.937	18	multiple
rand3937.txt	1.948	13	multiple
rand3938.txt	1.317	1	unique
rand3939.txt	3.980	5	multiple
rand3940.txt	26.705	37	multiple
rand3941.txt	2.450	9	multiple
rand3942.txt	5.231	12	multiple
rand3943.txt	5.298	17	multiple
rand3944.txt	6.538	11	multiple
rand3945.txt	5.678	17	multiple
rand3946.txt	1.721	10	multiple
rand3947.txt	8.086	13	multiple
rand3948.txt	3.307	9	multiple
rand3949.txt	24.894	515	multiple
rand3950.txt	5.783	7	multiple
rand3951.txt	12.196	164	multiple
rand3952.txt	0.898	8	multiple
rand3953.txt	1.802	9	multiple
rand3954.txt	0.465	3	multiple
rand3955.txt	6.300	34	multiple
rand3956.txt	1.742	8	multiple
rand3957.txt	1.043	13	multiple
rand3958.txt	2.673	13	multiple
rand3959.txt	0.594	3	multiple
rand3960.txt	5.882	14	multiple
rand3961.txt	2.126	10	multiple
rand3962.txt	0.669	10	multiple
rand3963.txt	0.804	11	multiple
rand3964.txt	8.496	10	multiple
rand3965.txt	2.451	18	multiple
rand3966.txt	17.143	44	multiple
rand3967.txt	18.755	75	multiple
rand3968.txt	1.185	8	multiple
rand3969.txt	1.684	10	multiple
rand3970.txt	1.129	11	multiple
rand3971.txt	3.919	23	multiple
rand3972.txt	4.012	3	multiple
rand3973.txt	0.625	1	unique
rand3974.txt	25.285	101	multiple
rand3975.txt	1.022	4	multiple
rand3976.txt	0.496	9	multiple
rand3977.txt	0.660	8	multiple
rand3978.txt	0.701	9	multiple
rand3979.txt	11.702	12	multiple
rand3980.txt	4.339	12	multiple
rand3981.txt	1.295	8	multiple
rand3982.txt	3.042	12	multiple
rand3983.txt	2.263	10	multiple
rand3984.txt	2.285	5	multiple
rand3985.txt	3.280	11	multiple
rand3986.txt	1.630	6	multiple
rand3987.txt	1.149	6	multiple
rand3988.txt	3.860	11	multiple
rand3989.txt	133.080	3759	multiple
rand3990.txt	1.172	8	multiple
rand3991.txt	2.538	10	multiple
rand3992.txt	5.552	11	multiple
rand3993.txt	0.591	12	multiple
rand3994.txt	1.382	13	multiple
rand3995.txt	1.692	14	multiple
rand3996.txt	0.503	5	multiple
rand3997.txt	10.262	71	multiple
rand3998.txt	0.577	8	multiple
rand3999.txt	2.027	4	multiple
rand4000.txt	2.563	8	multiple
rand4001.txt	5.479	15	multiple
rand4002.txt	22.994	384	multiple
rand4003.txt	1.172	17	multiple
rand4004.txt	0.994	10	multiple
rand4005.txt	0.668	7	multiple
rand4006.txt	1.521	5	multiple
rand4007.txt	5.862	11	multiple
rand4008.txt	20.005	59	multiple
rand4009.txt	3.733	13	multiple
rand4010.txt	3.089	11	multiple
rand4011.txt	2.659	15	multiple
rand4012.txt	5.171	96	multiple
rand4013.txt	1.346	17	multiple
rand4014.txt	1.522	18	multiple
rand4015.txt	0.661	5	multiple
rand4016.txt	10.201	11	multiple
rand4017.txt	0.542	8	multiple
rand4018.txt	3.861	17	multiple
rand4019.txt	1.138	3	multiple
rand4020.txt	1.689	10	multiple
rand4021.txt	15.379	50	multiple
rand4022.txt	2.608	15	multiple
rand4023.txt	0.468	3	multiple
rand4024.txt	1.532	20	multiple
rand4025.txt	8.731	17	multiple
rand4026.txt	3.684	14	multiple
rand4027.txt	2.171	11	multiple
rand4028.txt	7.220	10	multiple
rand4029.txt	2.271	8	multiple
rand4030.txt	2.412	1	multiple
rand4031.txt	24.024	79	multiple
rand4032.txt	1.147	7	multiple
rand4033.txt	9.876	6	multiple
rand4034.txt	11.175	283	multiple
rand4035.txt	2.259	9	multiple
rand4036.txt	15.281	69	multiple
rand4037.txt	3.913	14	multiple
rand4038.txt	7.329	3	multiple
rand4039.txt	7.875	185	multiple
rand4040.txt	1.192	10	multiple
rand4041.txt	0.747	9	multiple
rand4042.txt	2.226	15	multiple
rand4043.txt	1.674	10	multiple
rand4044.txt	2.007	6	multiple
rand4045.txt	2.238	12	multiple
rand4046.txt	5.026	9	multiple
rand4047.txt	2.280	7	multiple
rand4048.txt	1.408	4	multiple
rand4049.txt	25.792	597	multiple
rand4050.txt	2.611	8	multiple
rand4051.txt	5.820	12	multiple
rand4052.txt	1.450	3	multiple
rand4053.txt	2.596	13	multiple
rand4054.txt	2.549	8	multiple
rand4055.txt	4.240	11	multiple
rand4056.txt	8.398	18	multiple
rand4057.txt	1.133	21	multiple
rand4058.txt	5.134	10	multiple
rand4059.txt	0.509	15	multiple
rand4060.txt	3.013	9	multiple
rand4061.txt	8.770	9	multiple
rand4062.txt	2.506	10	multiple
rand4063.txt	2.321	32	multiple
rand4064.txt	9.567	17	multiple
rand4065.txt	7.732	11	multiple
rand4066.txt	4.247	40	multiple
rand4067.txt	3.768	21	multiple
rand4068.txt	3.834	11	multiple
rand4069.txt	1.150	3	multiple
rand4070.txt	1.206	7	multiple
rand4071.txt	2.317	11	multiple
rand4072.txt	4.758	11	multiple
rand4073.txt	0.875	7	multiple
rand4074.txt	5.848	13	multiple
rand4075.txt	0.564	4	multiple
rand4076.txt	1.354	7	multiple
rand4077.txt	8.616	6	multiple
rand4078.txt	4.369	14	multiple
rand4079.txt	25.007	62	multiple
rand4080.txt	2.713	13	multiple
rand4081.txt	1.606	3	multiple
rand4082.txt	1.070	12	multiple
rand4083.txt	0.439	1	unique
rand4084.txt	6.029	14	multiple
rand4085.txt	12.951	25	multiple
rand4086.txt	7.054	6	multiple
rand4087.txt	3.501	5	multiple
rand4088.txt	4.154	10	multiple
rand4089.txt	3.867	11	multiple
rand4090.txt	3.654	7	multiple
rand4091.txt	1.633	4	multiple
rand4092.txt	6.790	18	multiple
rand4093.txt	0.924	3	multiple
rand4094.txt	0.549	9	multiple
rand4095.txt	7.862	7	multiple
rand4096.txt	1.061	11	multiple
rand4097.txt	1.493	3	multiple
rand4098.txt	12.427	15	multiple
rand4099.txt	0.428	13	multiple
rand4100.txt	0.434	10	multiple
rand4101.txt	2.063	3	multiple
rand4102.txt	2.396	18	multiple
rand4103.txt	4.221	12	multiple
rand4104.txt	33.650	48	multiple
rand4105.txt	3.983	135	multiple
rand4106.txt	0.849	6	multiple
rand4107.txt	0.273	7	multiple
rand4108.txt	0.447	5	multiple
rand4109.txt	1.694	18	multiple
rand4110.txt	4.759	13	multiple
rand4111.txt	0.640	3	multiple
rand4112.txt	4.762	13	multiple
rand4113.txt	7.753	18	multiple
rand4114.txt	6.709	5	multiple
rand4115.txt	1.112	9	multiple
rand4116.txt	3.003	3	multiple
rand4117.txt	0.574	12	multiple
rand4118.txt	8.958	7	multiple
rand4119.txt	10.943	14	multiple
rand4120.txt	5.303	13	multiple
rand4121.txt	5.861	20	multiple
rand4122.txt	4.807	3	multiple
rand4123.txt	14.237	283	multiple
rand4124.txt	1.119	7	multiple
rand4125.txt	0.779	13	multiple
rand4126.txt	1.808	10	multiple
rand4127.txt	1.613	19	multiple
rand4128.txt	1.931	8	multiple
rand4129.txt	1.427	16	multiple
rand4130.txt	0.405	4	multiple
rand4131.txt	3.469	6	multiple
rand4132.txt	1.056	3	multiple
rand4133.txt	8.348	17	multiple
rand4134.txt	1.994	10	multiple
rand4135.txt	5.286	14	multiple
rand4136.txt	19.182	34	multiple
rand4137.txt	2.418	3	multiple
rand4138.txt	1.807	11	multiple
rand4139.txt	7.968	11	multiple
rand4140.txt	0.813	7	multiple
rand4141.txt	2.900	22	multiple
rand4142.txt	1.842	10	multiple
rand4143.txt	3.083	4	multiple
rand4144.txt	0.956	7	multiple
rand4145.txt	0.818	7	multiple
rand4146.txt	14.384	27	multiple
rand4147.txt	8.448	161	multiple
rand4148.txt	1.805	9	multiple
rand4149.txt	0.701	13	multiple
rand4150.txt	6.660	15	multiple
rand4151.txt	1.357	16	multiple
rand4152.txt	0.734	3	multiple
rand4153.txt	5.533	4	multiple
rand4154.txt	2.003	8	multiple
rand4155.txt	3.834	11	multiple
rand4156.txt	1.522	14	multiple
rand4157.txt	14.866	47	multiple
rand4158.txt	14.009	18	multiple
rand4159.txt	1.719	6	multiple
rand4160.txt	2.040	8	multiple
rand4161.txt	16.449	36	multiple
rand4162.txt	3.711	9	multiple
rand4163.txt	1.909	13	multiple
rand4164.txt	0.656	13	multiple
rand4165.txt	2.021	3	multiple
rand4166.txt	1.565	15	multiple
rand4167.txt	0.634	8	multiple
rand4168.txt	1.577	8	multiple
rand4169.txt	1.544	8	multiple
rand4170.txt	9.368	17	multiple
rand4171.txt	2.053	10	multiple
rand4172.txt	1.716	3	multiple
rand4173.txt	31.668	54	multiple
rand4174.txt	0.596	3	multiple
rand4175.txt	3.251	12	multiple
rand4176.txt	1.547	13	multiple
rand4177.txt	4.862	9	multiple
rand4178.txt	5.177	11	multiple
rand4179.txt	12.486	28	multiple
rand4180.txt	2.105	16	multiple
rand4181.txt	3.523	17	multiple
rand4182.txt	1.414	12	multiple
rand4183.txt	7.975	17	multiple
rand4184.txt	0.860	3	multiple
rand4185.txt	0.646	1	unique
rand4186.txt	0.509	7	multiple
rand4187.txt	10.029	12	multiple
rand4188.txt	20.021	48	multiple
rand4189.txt	1.389	15	multiple
rand4190.txt	6.515	12	multiple
rand4191.txt	1.563	4	multiple
rand4192.txt	5.238	16	multiple
rand4193.txt	7.772	19	multiple
rand4194.txt	3.612	13	multiple
rand4195.txt	0.791	9	multiple
rand4196.txt	1.777	16	multiple
rand4197.txt	0.522	3	multiple
rand4198.txt	1.571	10	multiple
rand4199.txt	4.650	19	multiple
rand4200.txt	10.854	13	multiple
rand4201.txt	1.316	11	multiple
rand4202.txt	3.585	13	multiple
rand4203.txt	0.282	4	multiple
rand4204.txt	12.364	13	multiple
rand4205.txt	4.347	10	multiple
rand4206.txt	5.446	1	unique
rand4207.txt	1.934	7	multiple
rand4208.txt	0.591	7	multiple
rand4209.txt	13.932	34	multiple
rand4210.txt	3.394	14	multiple
rand4211.txt	96.270	2517	multiple
rand4212.txt	3.914	19	multiple
rand4213.txt	12.613	45	multiple
rand4214.txt	10.167	20	multiple
rand4215.txt	3.450	9	multiple
rand4216.txt	0.921	10	multiple
rand4217.txt	5.141	13	multiple
rand4218.txt	0.560	3	multiple
rand4219.txt	0.613	11	multiple
rand4220.txt	1.375	9	multiple
rand4221.txt	7.647	17	multiple
rand4222.txt	2.040	13	multiple
rand4223.txt	2.140	14	multiple
rand4224.txt	21.170	479	multiple
rand4225.txt	2.065	10	multiple
rand4226.txt	1.688	10	multiple
rand4227.txt	3.798	8	multiple
rand4228.txt	2.855	19	multiple
rand4229.txt	2.282	11	multiple
rand4230.txt	22.124	43	multiple
rand4231.txt	0.983	14	multiple
rand4232.txt	0.902	8	multiple
rand4233.txt	9.046	5	multiple
rand4234.txt	1.179	12	multiple
rand4235.txt	6.298	11	multiple
rand4236.txt	1.607	4	multiple
rand4237.txt	4.310	12	multiple
rand4238.txt	0.793	11	multiple
rand4239.txt	2.212	7	multiple
rand4240.txt	8.818	63	multiple
rand4241.txt	0.530	10	multiple
rand4242.txt	1.543	9	multiple
rand4243.txt	1.790	4	multiple
rand4244.txt	2.983	7	multiple
rand4245.txt	13.740	416	multiple
rand4246.txt	3.029	8	multiple
rand4247.txt	1.700	17	multiple
rand4248.txt	0.647	3	multiple
rand4249.txt	3.429	4	multiple
rand4250.txt	6.308	17	multiple
rand4251.txt	2.501	11	multiple
rand4252.txt	0.798	3	multiple
rand4253.txt	8.128	14	multiple
rand4254.txt	0.830	7	multiple
rand4255.txt	6.824	14	multiple
rand4256.txt	6.541	14	multiple
rand4257.txt	7.295	18	multiple
rand4258.txt	7.391	20	multiple
rand4259.txt	16.245	22	multiple
rand4260.txt	1.244	12	multiple
rand4261.txt	1.719	12	multiple
rand4262.txt	1.364	13	multiple
rand4263.txt	1.113	11	multiple
rand4264.txt	57.555	443	multiple
rand4265.txt	7.134	15	multiple
rand4266.txt	0.925	9	multiple
rand4267.txt	0.966	5	multiple
rand4268.txt	4.022	10	multiple
rand4269.txt	6.496	12	multiple
rand4270.txt	6.346	11	multiple
rand4271.txt	2.989	10	multiple
rand4272.txt	6.641	13	multiple
rand4273.txt	0.344	3	multiple
rand4274.txt	5.170	9	multiple
rand4275.txt	1.512	7	multiple
rand4276.txt	6.365	13	multiple
rand4277.txt	0.494	14	multiple
rand4278.txt	0.690	8	multiple
rand4279.txt	0.472	8	multiple
rand4280.txt	1.420	8	multiple
rand4281.txt	7.639	14	multiple
rand4282.txt	2.437	7	multiple
rand4283.txt	1.106	3	multiple
rand4284.txt	2.487	4	multiple
rand4285.txt	0.630	3	multiple
rand4286.txt	0.692	12	multiple
rand4287.txt	2.483	15	multiple
rand4288.txt	2.773	5	multiple
rand4289.txt	2.150	19	multiple
rand4290.txt	7.637	12	multiple
rand4291.txt	6.150	19	multiple
rand4292.txt	31.362	67	multiple
rand4293.txt	13.478	244	multiple
rand4294.txt	2.218	10	multiple
rand4295.txt	3.587	4	multiple
rand4296.txt	2.107	13	multiple
rand4297.txt	6.113	12	multiple
rand4298.txt	23.681	89	multiple
rand4299.txt	0.745	3	multiple
rand4300.txt	4.331	10	multiple
rand4301.txt	0.473	5	multiple
rand4302.txt	0.712	4	multiple
rand4303.txt	9.110	10	multiple
rand4304.txt	3.594	24	multiple
rand4305.txt	1.836	14	multiple
rand4306.txt	2.213	13	multiple
rand4307.txt	0.829	3	multiple
rand4308.txt	12.945	9	multiple
rand4309.txt	0.895	4	multiple
rand4310.txt	4.362	19	multiple
rand4311.txt	7.832	17	multiple
rand4312.txt	3.657	13	multiple
rand4313.txt	0.941	3	multiple
rand4314.txt	11.033	22	multiple
rand4315.txt	1.569	4	multiple
rand4316.txt	2.800	12	multiple
rand4317.txt	1.045	8	multiple
rand4318.txt	1.278	5	multiple
rand4319.txt	3.471	7	multiple
rand4320.txt	0.800	11	multiple
rand4321.txt	0.791	10	multiple
rand4322.txt	20.906	237	multiple
rand4323.txt	4.002	9	multiple
rand4324.txt	2.092	3	multiple
rand4325.txt	4.332	3	multiple
rand4326.txt	5.179	13	multiple
rand4327.txt	0.468	18	multiple
rand4328.txt	0.522	5	multiple
rand4329.txt	2.010	7	multiple
rand4330.txt	0.432	8	multiple
rand4331.txt	1.017	11	multiple
rand4332.txt	13.639	18	multiple
rand4333.txt	3.594	13	multiple
rand4334.txt	8.774	19	multiple
rand4335.txt	6.664	14	multiple
rand4336.txt	10.919	10	multiple
rand4337.txt	2.365	7	multiple
rand4338.txt	8.929	5	multiple
rand4339.txt	7.839	15	multiple
rand4340.txt	1.168	8	multiple
rand4341.txt	3.537	14	multiple
rand4342.txt	27.177	608	multiple
rand4343.txt	5.432	9	multiple
rand4344.txt	1.365	4	multiple
rand4345.txt	4.606	17	multiple
rand4346.txt	4.049	12	multiple
rand4347.txt	5.747	55	multiple
rand4348.txt	8.434	3	unique
rand4349.txt	1.700	18	multiple
rand4350.txt	2.584	1	unique
rand4351.txt	9.608	9	multiple
rand4352.txt	6.419	11	multiple
rand4353.txt	5.868	21	multiple
rand4354.txt	1.663	7	multiple
rand4355.txt	4.766	14	multiple
rand4356.txt	2.870	5	multiple
rand4357.txt	1.591	4	multiple
rand4358.txt	3.473	3	multiple
rand4359.txt	4.765	14	multiple
rand4360.txt	1.720	12	multiple
rand4361.txt	5.883	3	multiple
rand4362.txt	5.006	3	multiple
rand4363.txt	0.956	3	multiple
rand4364.txt	0.979	8	multiple
rand4365.txt	0.601	12	multiple
rand4366.txt	3.916	18	multiple
rand4367.txt	12.518	18	multiple
rand4368.txt	4.587	10	multiple
rand4369.txt	4.138	7	multiple
rand4370.txt	12.030	14	multiple
rand4371.txt	2.457	7	multiple
rand4372.txt	1.037	11	multiple
rand4373.txt	9.417	29	multiple
rand4374.txt	1.777	10	multiple
rand4375.txt	3.173	9	multiple
rand4376.txt	4.702	8	multiple
rand4377.txt	0.354	1	unique
rand4378.txt	1.151	12	multiple
rand4379.txt	4.526	8	multiple
rand4380.txt	3.825	4	multiple
rand4381.txt	5.627	8	multiple
rand4382.txt	0.992	3	multiple
rand4383.txt	1.645	4	multiple
rand4384.txt	0.834	9	multiple
rand4385.txt	1.466	16	multiple
rand4386.txt	5.019	5	multiple
rand4387.txt	1.527	4	multiple
rand4388.txt	0.939	10	multiple
rand4389.txt	0.846	8	multiple
rand4390.txt	0.488	9	multiple
rand4391.txt	7.801	15	multiple
rand4392.txt	1.834	7	multiple
rand4393.txt	25.345	54	multiple
rand4394.txt	1.720	4	multiple
rand4395.txt	3.977	11	multiple
rand4396.txt	6.747	17	multiple
rand4397.txt	13.515	221	multiple
rand4398.txt	3.213	9	multiple
rand4399.txt	8.837	140	multiple
rand4400.txt	2.246	11	multiple
rand4401.txt	4.001	101	multiple
rand4402.txt	0.716	14	multiple
rand4403.txt	0.934	16	multiple
rand4404.txt	11.092	11	multiple
rand4405.txt	1.698	11	multiple
rand4406.txt	7.089	66	multiple
rand4407.txt	3.663	18	multiple
rand4408.txt	1.166	3	multiple
rand4409.txt	2.120	12	multiple
rand4410.txt	3.625	13	multiple
rand4411.txt	1.122	3	multiple
rand4412.txt	5.071	13	multiple
rand4413.txt	1.753	4	multiple
rand4414.txt	6.416	17	multiple
rand4415.txt	7.034	14	multiple
rand4416.txt	15.378	43	multiple
rand4417.txt	2.200	12	multiple
rand4418.txt	3.759	13	multiple
rand4419.txt	0.898	11	multiple
rand4420.txt	7.527	12	multiple
rand4421.txt	4.791	14	multiple
rand4422.txt	1.235	9	multiple
rand4423.txt	4.386	12	multiple
rand4424.txt	0.449	3	multiple
rand4425.txt	4.709	7	multiple
rand4426.txt	2.418	17	multiple
rand4427.txt	32.776	102	multiple
rand4428.txt	2.590	7	multiple
rand4429.txt	2.441	11	multiple
rand4430.txt	9.409	15	multiple
rand4431.txt	1.844	8	multiple
rand4432.txt	5.188	16	multiple
rand4433.txt	2.828	12	multiple
rand4434.txt	4.940	20	multiple
rand4435.txt	1.946	11	multiple
rand4436.txt	4.999	7	multiple
rand4437.txt	5.537	16	multiple
rand4438.txt	2.791	11	multiple
rand4439.txt	3.607	14	multiple
rand4440.txt	2.363	11	multiple
rand4441.txt	6.303	7	multiple
rand4442.txt	22.794	73	multiple
rand4443.txt	1.312	8	multiple
rand4444.txt	5.190	22	multiple
rand4445.txt	8.472	20	multiple
rand4446.txt	0.586	3	multiple
rand4447.txt	6.108	39	multiple
rand4448.txt	8.650	193	multiple
rand4449.txt	0.928	14	multiple
rand4450.txt	3.367	14	multiple
rand4451.txt	3.458	9	multiple
rand4452.txt	3.728	14	multiple
rand4453.txt	0.617	11	multiple
rand4454.txt	6.438	10	multiple
rand4455.txt	0.393	13	multiple
rand4456.txt	2.171	14	multiple
rand4457.txt	0.490	8	multiple
rand4458.txt	11.624	15	multiple
rand4459.txt	1.132	6	multiple
rand4460.txt	30.114	179	multiple
rand4461.txt	2.222	6	multiple
rand4462.txt	0.421	3	multiple
rand4463.txt	7.564	11	multiple
rand4464.txt	0.620	4	multiple
rand4465.txt	0.920	9	multiple
rand4466.txt	1.836	8	multiple
rand4467.txt	1.339	12	multiple
rand4468.txt	33.061	96	multiple
rand4469.txt	0.675	10	multiple
rand4470.txt	0.407	9	multiple
rand4471.txt	1.351	3	multiple
rand4472.txt	1.917	3	multiple
rand4473.txt	0.151	0	unique
rand4474.txt	1.303	9	multiple
rand4475.txt	1.275	12	multiple
rand4476.txt	2.468	8	multiple
rand4477.txt	6.465	8	multiple
rand4478.txt	4.569	8	multiple
rand4479.txt	0.276	3	multiple
rand4480.txt	2.231	3	multiple
rand4481.txt	6.944	18	multiple
rand4482.txt	1.134	11	multiple
rand4483.txt	12.980	173	multiple
rand4484.txt	9.236	14	multiple
rand4485.txt	3.463	10	multiple
rand4486.txt	1.687	3	multiple
rand4487.txt	2.411	8	multiple
rand4488.txt	2.574	10	multiple
rand4489.txt	0.827	11	multiple
rand4490.txt	2.903	11	multiple
rand4491.txt	4.849	11	multiple
rand4492.txt	3.255	13	multiple
rand4493.txt	1.796	12	multiple
rand4494.txt	4.196	17	multiple
rand4495.txt	0.431	7	multiple
rand4496.txt	0.820	4	multiple
rand4497.txt	28.025	63	multiple
rand4498.txt	2.524	4	multiple
rand4499.txt	1.294	8	multiple
rand4500.txt	6.612	11	multiple
rand4501.txt	1.217	8	multiple
rand4502.txt	1.163	7	multiple
rand4503.txt	12.330	13	multiple
rand4504.txt	6.404	12	multiple
rand4505.txt	0.649	14	multiple
rand4506.txt	4.268	9	multiple
rand4507.txt	13.873	16	multiple
rand4508.txt	4.430	9	multiple
rand4509.txt	8.284	8	multiple
rand4510.txt	4.426	1	unique
rand4511.txt	3.454	12	multiple
rand4512.txt	7.247	35	multiple
rand4513.txt	9.659	15	multiple
rand4514.txt	3.086	12	multiple
rand4515.txt	1.591	7	multiple
rand4516.txt	2.305	14	multiple
rand4517.txt	0.638	10	multiple
rand4518.txt	5.407	7	multiple
rand4519.txt	3.820	10	multiple
rand4520.txt	0.910	4	multiple
rand4521.txt	5.967	20	multiple
rand4522.txt	7.516	112	multiple
rand4523.txt	10.244	41	multiple
rand4524.txt	0.556	9	multiple
rand4525.txt	4.153	11	multiple
rand4526.txt	2.028	15	multiple
rand4527.txt	17.238	118	multiple
rand4528.txt	17.090	352	multiple
rand4529.txt	1.110	12	multiple
rand4530.txt	1.584	8	multiple
rand4531.txt	23.030	55	multiple
rand4532.txt	1.319	9	multiple
rand4533.txt	1.931	7	multiple
rand4534.txt	2.683	15	multiple
rand4535.txt	4.105	10	multiple
rand4536.txt	2.002	10	multiple
rand4537.txt	1.494	9	multiple
rand4538.txt	3.814	13	multiple
rand4539.txt	1.431	10	multiple
rand4540.txt	1.023	7	multiple
rand4541.txt	2.042	8	multiple
rand4542.txt	1.238	18	multiple
rand4543.txt	9.581	12	multiple
rand4544.txt	4.225	5	multiple
rand4545.txt	3.149	14	multiple
rand4546.txt	0.914	8	multiple
rand4547.txt	0.915	9	multiple
rand4548.txt	2.470	11	multiple
rand4549.txt	1.578	8	multiple
rand4550.txt	29.108	102	multiple
rand4551.txt	4.794	19	multiple
rand4552.txt	0.766	14	multiple
rand4553.txt	2.377	7	multiple
rand4554.txt	7.161	12	multiple
rand4555.txt	0.634	9	multiple
rand4556.txt	1.881	15	multiple
rand4557.txt	4.835	7	multiple
rand4558.txt	2.117	16	multiple
rand4559.txt	1.250	5	multiple
rand4560.txt	0.366	7	multiple
rand4561.txt	3.607	11	multiple
rand4562.txt	4.243	12	multiple
rand4563.txt	0.859	10	multiple
rand4564.txt	0.242	0	unique
rand4565.txt	21.813	274	multiple
rand4566.txt	0.456	8	multiple
rand4567.txt	1.095	6	multiple
rand4568.txt	17.813	227	multiple
rand4569.txt	0.490	7	multiple
rand4570.txt	0.661	3	multiple
rand4571.txt	0.549	7	multiple
rand4572.txt	1.084	8	multiple
rand4573.txt	23.886	61	multiple
rand4574.txt	0.571	3	multiple
rand4575.txt	2.090	5	multiple
rand4576.txt	4.498	12	multiple
rand4577.txt	2.671	10	multiple
rand4578.txt	2.245	10	multiple
rand4579.txt	1.398	12	multiple
rand4580.txt	3.630	11	multiple
rand4581.txt	11.331	15	multiple
rand4582.txt	0.718	13	multiple
rand4583.txt	2.099	10	multiple
rand4584.txt	2.954	13	multiple
rand4585.txt	2.421	3	multiple
rand4586.txt	1.143	10	multiple
rand4587.txt	6.554	4	multiple
rand4588.txt	2.205	11	multiple
rand4589.txt	2.908	9	multiple
rand4590.txt	6.267	84	multiple
rand4591.txt	6.165	12	multiple
rand4592.txt	4.990	9	multiple
rand4593.txt	2.556	9	multiple
rand4594.txt	3.118	5	multiple
rand4595.txt	112.326	2272	multiple
rand4596.txt	0.970	11	multiple
rand4597.txt	0.697	8	multiple
rand4598.txt	0.343	4	multiple
rand4599.txt	1.381	11	multiple
rand4600.txt	2.135	10	multiple
rand4601.txt	1.083	11	multiple
rand4602.txt	3.216	9	multiple
rand4603.txt	2.039	13	multiple
rand4604.txt	8.536	14	multiple
rand4605.txt	2.233	13	multiple
rand4606.txt	0.393	10	multiple
rand4607.txt	5.012	7	multiple
rand4608.txt	0.777	17	multiple
rand4609.txt	8.806	9	multiple
rand4610.txt	7.560	9	multiple
rand4611.txt	0.738	12	multiple
rand4612.txt	9.833	21	multiple
rand4613.txt	2.365	9	multiple
rand4614.txt	2.326	3	multiple
rand4615.txt	1.047	10	multiple
rand4616.txt	1.614	17	multiple
rand4617.txt	0.923	8	multiple
rand4618.txt	20.771	20	multiple
rand4619.txt	0.949	13	multiple
rand4620.txt	0.282	1	unique
rand4621.txt	4.303	14	multiple
rand4622.txt	0.724	3	multiple
rand4623.txt	16.922	32	multiple
rand4624.txt	13.797	28	multiple
rand4625.txt	1.003	6	multiple
rand4626.txt	1.730	8	multiple
rand4627.txt	1.170	8	multiple
rand4628.txt	15.263	21	multiple
rand4629.txt	2.027	15	multiple
rand4630.txt	2.190	9	multiple
rand4631.txt	0.658	9	multiple
rand4632.txt	0.629	3	multiple
rand4633.txt	0.577	10	multiple
rand4634.txt	6.264	12	multiple
rand4635.txt	0.738	8	multiple
rand4636.txt	1.401	10	multiple
rand4637.txt	9.016	8	multiple
rand4638.txt	2.262	11	multiple
rand4639.txt	3.570	13	multiple
rand4640.txt	14.690	103	multiple
rand4641.txt	26.374	832	multiple
rand4642.txt	0.821	4	multiple
rand4643.txt	4.864	57	multiple
rand4644.txt	0.680	4	multiple
rand4645.txt	0.916	11	multiple
rand4646.txt	3.782	10	multiple
rand4647.txt	2.065	9	multiple
rand4648.txt	3.683	15	multiple
rand4649.txt	5.835	7	multiple
rand4650.txt	1.770	3	multiple
rand4651.txt	1.758	13	multiple
rand4652.txt	6.620	10	multiple
rand4653.txt	4.113	8	multiple
rand4654.txt	5.625	15	multiple
rand4655.txt	205.491	7233	multiple
rand4656.txt	4.794	20	multiple
rand4657.txt	3.336	9	multiple
rand4658.txt	5.200	12	multiple
rand4659.txt	1.445	6	multiple
rand4660.txt	5.047	11	multiple
rand4661.txt	0.937	9	multiple
rand4662.txt	21.146	296	multiple
rand4663.txt	0.830	3	multiple
rand4664.txt	1.961	11	multiple
rand4665.txt	6.543	16	multiple
rand4666.txt	6.750	17	multiple
rand4667.txt	3.761	15	multiple
rand4668.txt	18.367	57	multiple
rand4669.txt	2.371	15	multiple
rand4670.txt	4.284	11	multiple
rand4671.txt	15.392	54	multiple
rand4672.txt	3.702	14	multiple
rand4673.txt	1.118	8	multiple
rand4674.txt	2.967	14	multiple
rand4675.txt	5.489	14	multiple
rand4676.txt	9.239	17	multiple
rand4677.txt	11.534	16	multiple
rand4678.txt	6.804	20	multiple
rand4679.txt	15.966	40	multiple
rand4680.txt	5.175	22	multiple
rand4681.txt	16.740	42	multiple
rand4682.txt	1.641	8	multiple
rand4683.txt	1.407	14	multiple
rand4684.txt	0.725	4	multiple
rand4685.txt	1.103	10	multiple
rand4686.txt	0.531	8	multiple
rand4687.txt	7.984	24	multiple
rand4688.txt	8.524	87	multiple
rand4689.txt	0.990	9	multiple
rand4690.txt	3.313	10	multiple
rand4691.txt	3.650	17	multiple
rand4692.txt	1.356	11	multiple
rand4693.txt	5.075	14	multiple
rand4694.txt	1.084	10	multiple
rand4695.txt	4.930	5	multiple
rand4696.txt	0.306	3	multiple
rand4697.txt	14.887	17	multiple
rand4698.txt	4.670	9	multiple
rand4699.txt	5.206	10	multiple
rand4700.txt	0.692	13	multiple
rand4701.txt	0.503	3	multiple
rand4702.txt	0.332	1	unique
rand4703.txt	10.842	280	multiple
rand4704.txt	0.694	8	multiple
rand4705.txt	1.025	3	multiple
rand4706.txt	0.789	3	multiple
rand4707.txt	0.618	4	multiple
rand4708.txt	0.498	8	multiple
rand4709.txt	1.278	12	multiple
rand4710.txt	1.192	8	multiple
rand4711.txt	5.814	13	multiple
rand4712.txt	9.692	7	multiple
rand4713.txt	3.582	8	multiple
rand4714.txt	1.753	16	multiple
rand4715.txt	3.392	18	multiple
rand4716.txt	1.955	3	multiple
rand4717.txt	10.091	22	multiple
rand4718.txt	30.011	72	multiple
rand4719.txt	0.436	5	multiple
rand4720.txt	1.207	11	multiple
rand4721.txt	0.843	12	multiple
rand4722.txt	0.913	17	multiple
rand4723.txt	5.157	9	multiple
rand4724.txt	4.261	15	multiple
rand4725.txt	9.870	22	multiple
rand4726.txt	1.991	19	multiple
rand4727.txt	7.923	11	multiple
rand4728.txt	1.575	12	multiple
rand4729.txt	0.843	13	multiple
rand4730.txt	5.895	13	multiple
rand4731.txt	1.181	11	multiple
rand4732.txt	0.627	8	multiple
rand4733.txt	0.894	3	multiple
rand4734.txt	3.780	12	multiple
rand4735.txt	1.428	11	multiple
rand4736.txt	4.066	10	multiple
rand4737.txt	2.411	13	multiple
rand4738.txt	5.544	11	multiple
rand4739.txt	1.290	6	multiple
rand4740.txt	6.382	6	multiple
rand4741.txt	13.317	9	multiple
rand4742.txt	2.151	15	multiple
rand4743.txt	0.901	6	multiple
rand4744.txt	1.864	8	multiple
rand4745.txt	1.222	14	multiple
rand4746.txt	1.140	1	unique
rand4747.txt	3.484	6	multiple
rand4748.txt	3.770	12	multiple
rand4749.txt	1.971	11	multiple
rand4750.txt	1.415	10	multiple
rand4751.txt	21.375	17	multiple
rand4752.txt	1.271	16	multiple
rand4753.txt	1.896	4	multiple
rand4754.txt	1.072	13	multiple
rand4755.txt	5.139	6	multiple
rand4756.txt	15.060	247	multiple
rand4757.txt	1.062	14	multiple
rand4758.txt	1.811	11	multiple
rand4759.txt	4.791	16	multiple
rand4760.txt	3.043	8	multiple
rand4761.txt	1.239	15	multiple
rand4762.txt	4.471	9	multiple
rand4763.txt	16.395	48	multiple
rand4764.txt	2.597	8	multiple
rand4765.txt	9.524	10	multiple
rand4766.txt	29.557	734	multiple
rand4767.txt	1.850	8	multiple
rand4768.txt	0.697	5	multiple
rand4769.txt	2.797	13	multiple
rand4770.txt	5.304	8	multiple
rand4771.txt	29.371	146	multiple
rand4772.txt	0.568	1	unique
rand4773.txt	3.461	6	multiple
rand4774.txt	1.012	5	multiple
rand4775.txt	59.657	266	multiple
rand4776.txt	0.635	3	multiple
rand4777.txt	1.491	1	unique
rand4778.txt	2.695	28	multiple
rand4779.txt	2.854	11	multiple
rand4780.txt	3.768	13	multiple
rand4781.txt	10.483	13	multiple
rand4782.txt	2.210	15	multiple
rand4783.txt	9.068	14	multiple
rand4784.txt	1.447	10	multiple
rand4785.txt	7.508	25	multiple
rand4786.txt	2.224	13	multiple
rand4787.txt	79.506	2414	multiple
rand4788.txt	1.168	4	multiple
rand4789.txt	6.918	11	multiple
rand4790.txt	6.057	3	multiple
rand4791.txt	0.974	1	unique
rand4792.txt	4.137	15	multiple
rand4793.txt	2.738	16	multiple
rand4794.txt	1.757	19	multiple
rand4795.txt	13.586	161	multiple
rand4796.txt	13.629	34	multiple
rand4797.txt	1.016	10	multiple
rand4798.txt	5.755	21	multiple
rand4799.txt	0.952	11	multiple
rand4800.txt	4.432	28	multiple
rand4801.txt	3.051	16	multiple
rand4802.txt	0.812	9	multiple
rand4803.txt	3.142	14	multiple
rand4804.txt	9.135	11	multiple
rand4805.txt	1.582	9	multiple
rand4806.txt	1.631	8	multiple
rand4807.txt	18.341	182	multiple
rand4808.txt	2.842	3	multiple
rand4809.txt	1.944	4	multiple
rand4810.txt	1.056	8	multiple
rand4811.txt	1.495	8	multiple
rand4812.txt	0.823	8	multiple
rand4813.txt	4.460	10	multiple
rand4814.txt	5.061	9	multiple
rand4815.txt	3.932	19	multiple
rand4816.txt	5.402	19	multiple
rand4817.txt	1.739	16	multiple
rand4818.txt	4.593	9	multiple
rand4819.txt	0.613	9	multiple
rand4820.txt	1.807	12	multiple
rand4821.txt	3.412	5	multiple
rand4822.txt	1.205	8	multiple
rand4823.txt	3.999	11	multiple
rand4824.txt	8.108	13	multiple
rand4825.txt	0.886	3	multiple
rand4826.txt	1.709	11	multiple
rand4827.txt	3.151	11	multiple
rand4828.txt	2.111	16	multiple
rand4829.txt	45.401	190	multiple
rand4830.txt	1.039	10	multiple
rand4831.txt	3.930	12	multiple
rand4832.txt	3.244	12	multiple
rand4833.txt	2.796	6	multiple
rand4834.txt	0.978	5	multiple
rand4835.txt	4.710	15	multiple
rand4836.txt	2.514	9	multiple
rand4837.txt	7.965	84	multiple
rand4838.txt	1.602	14	multiple
rand4839.txt	7.753	13	multiple
rand4840.txt	0.511	7	multiple
rand4841.txt	2.116	13	multiple
rand4842.txt	2.428	14	multiple
rand4843.txt	1.369	12	multiple
rand4844.txt	3.577	11	multiple
rand4845.txt	1.044	14	multiple
rand4846.txt	2.829	16	multiple
rand4847.txt	4.860	10	multiple
rand4848.txt	0.940	13	multiple
rand4849.txt	4.768	14	multiple
rand4850.txt	17.806	9	multiple
rand4851.txt	0.989	7	multiple
rand4852.txt	21.931	61	multiple
rand4853.txt	1.656	3	multiple
rand4854.txt	1.177	9	multiple
rand4855.txt	9.315	21	multiple
rand4856.txt	4.975	9	multiple
rand4857.txt	2.754	23	multiple
rand4858.txt	1.585	3	multiple
rand4859.txt	3.693	17	multiple
rand4860.txt	1.323	12	multiple
rand4861.txt	5.043	10	multiple
rand4862.txt	3.711	10	multiple
rand4863.txt	6.482	18	multiple
rand4864.txt	0.404	4	multiple
rand4865.txt	3.002	14	multiple
rand4866.txt	8.736	16	multiple
rand4867.txt	7.697	16	multiple
rand4868.txt	1.966	13	multiple
rand4869.txt	3.469	18	multiple
rand4870.txt	2.585	11	multiple
rand4871.txt	1.457	9	multiple
rand4872.txt	8.782	1	unique
rand4873.txt	1.966	5	multiple
rand4874.txt	4.305	3	multiple
rand4875.txt	5.939	9	multiple
rand4876.txt	2.688	3	multiple
rand4877.txt	0.993	4	multiple
rand4878.txt	1.506	15	multiple
rand4879.txt	1.210	8	multiple
rand4880.txt	6.270	16	multiple
rand4881.txt	1.061	9	multiple
rand4882.txt	7.713	13	multiple
rand4883.txt	1.013	19	multiple
rand4884.txt	1.971	9	multiple
rand4885.txt	1.667	8	multiple
rand4886.txt	14.288	35	multiple
rand4887.txt	8.016	14	multiple
rand4888.txt	5.472	18	multiple
rand4889.txt	1.257	1	unique
rand4890.txt	14.725	37	multiple
rand4891.txt	2.571	3	multiple
rand4892.txt	3.438	8	multiple
rand4893.txt	6.028	18	multiple
rand4894.txt	7.697	12	multiple
rand4895.txt	0.678	1	unique
rand4896.txt	1.576	11	multiple
rand4897.txt	1.693	15	multiple
rand4898.txt	5.884	11	multiple
rand4899.txt	7.776	9	multiple
rand4900.txt	4.819	47	multiple
rand4901.txt	1.721	13	multiple
rand4902.txt	0.642	11	multiple
rand4903.txt	6.572	14	multiple
rand4904.txt	1.276	3	multiple
rand4905.txt	6.475	15	multiple
rand4906.txt	12.729	33	multiple
rand4907.txt	5.720	12	multiple
rand4908.txt	2.640	6	multiple
rand4909.txt	3.694	8	multiple
rand4910.txt	7.908	12	multiple
rand4911.txt	1.580	9	multiple
rand4912.txt	27.906	401	multiple
rand4913.txt	4.636	17	multiple
rand4914.txt	0.692	5	multiple
rand4915.txt	8.286	7	multiple
rand4916.txt	0.924	8	multiple
rand4917.txt	0.958	7	multiple
rand4918.txt	1.634	10	multiple
rand4919.txt	2.132	8	multiple
rand4920.txt	1.607	8	multiple
rand4921.txt	0.626	11	multiple
rand4922.txt	0.370	4	multiple
rand4923.txt	1.067	12	multiple
rand4924.txt	0.464	3	multiple
rand4925.txt	9.620	16	multiple
rand4926.txt	16.887	48	multiple
rand4927.txt	2.940	13	multiple
rand4928.txt	9.863	19	multiple
rand4929.txt	0.577	1	unique
rand4930.txt	46.110	298	multiple
rand4931.txt	1.090	12	multiple
rand4932.txt	34.395	66	multiple
rand4933.txt	2.693	42	multiple
rand4934.txt	0.643	4	multiple
rand4935.txt	5.217	11	multiple
rand4936.txt	3.501	19	multiple
rand4937.txt	2.083	11	multiple
rand4938.txt	4.495	17	multiple
rand4939.txt	0.754	4	multiple
rand4940.txt	8.459	12	multiple
rand4941.txt	1.974	9	multiple
rand4942.txt	4.311	5	multiple
rand4943.txt	1.555	8	multiple
rand4944.txt	21.899	33	multiple
rand4945.txt	1.403	11	multiple
rand4946.txt	5.102	41	multiple
rand4947.txt	11.154	19	multiple
rand4948.txt	5.528	100	multiple
rand4949.txt	0.828	7	multiple
rand4950.txt	5.298	15	multiple
rand4951.txt	0.863	7	multiple
rand4952.txt	2.007	9	multiple
rand4953.txt	1.208	10	multiple
rand4954.txt	0.878	15	multiple
rand4955.txt	1.376	12	multiple
rand4956.txt	1.461	3	multiple
rand4957.txt	0.584	8	multiple
rand4958.txt	1.180	9	multiple
rand4959.txt	5.352	4	multiple
rand4960.txt	1.721	17	multiple
rand4961.txt	0.904	3	multiple
rand4962.txt	1.851	17	multiple
rand4963.txt	2.365	7	multiple
rand4964.txt	10.114	17	multiple
rand4965.txt	22.877	84	multiple
rand4966.txt	2.389	4	multiple
rand4967.txt	0.969	9	multiple
rand4968.txt	1.675	17	multiple
rand4969.txt	2.564	18	multiple
rand4970.txt	2.990	10	multiple
rand4971.txt	6.462	12	multiple
rand4972.txt	2.315	10	multiple
rand4973.txt	2.556	6	multiple
rand4974.txt	5.516	14	multiple
rand4975.txt	2.078	4	multiple
rand4976.txt	2.677	9	multiple
rand4977.txt	4.039	4	multiple
rand4978.txt	4.064	14	multiple
rand4979.txt	1.222	3	multiple
rand4980.txt	7.575	10	multiple
rand4981.txt	1.933	11	multiple
rand4982.txt	3.104	10	multiple
rand4983.txt	19.718	60	multiple
rand4984.txt	0.670	4	multiple
rand4985.txt	2.200	17	multiple
rand4986.txt	1.309	11	multiple
rand4987.txt	3.740	9	multiple
rand4988.txt	1.780	15	multiple
rand4989.txt	1.863	4	multiple
rand4990.txt	0.488	8	multiple
rand4991.txt	24.905	83	multiple
rand4992.txt	1.446	13	multiple
rand4993.txt	0.887	9	multiple
rand4994.txt	0.944	20	multiple
rand4995.txt	382.157	11573	multiple
rand4996.txt	4.249	11	multiple
rand4997.txt	3.028	11	multiple
rand4998.txt	10.499	9	multiple
rand4999.txt	2.365	12	multiple
rand5000.txt	3.159	2	multiple
# solved 5000/5000 par2 26321.8 ms geomean 2.3870 ms
